Sample in Buffer,Sample in Window,TRIGGER,probe_state[2:0],probe_err[15:0],probe_wbeat[7:0],probe_rbeat[7:0],probe_flags[5:0]
Radix - UNSIGNED,UNSIGNED,UNSIGNED,HEX,HEX,HEX,HEX,HEX
0,0,1,6,00ff,ff,ff,28
1,1,0,6,00ff,ff,ff,28
2,2,0,6,00ff,ff,ff,28
3,3,0,6,00ff,ff,ff,28
4,4,0,6,00ff,ff,ff,28
5,5,0,6,00ff,ff,ff,28
6,6,0,6,00ff,ff,ff,28
7,7,0,6,00ff,ff,ff,28
8,8,0,6,00ff,ff,ff,28
9,9,0,6,00ff,ff,ff,28
10,10,0,6,00ff,ff,ff,28
11,11,0,6,00ff,ff,ff,28
12,12,0,6,00ff,ff,ff,28
13,13,0,6,00ff,ff,ff,28
14,14,0,6,00ff,ff,ff,28
15,15,0,6,00ff,ff,ff,28
16,16,0,6,00ff,ff,ff,28
17,17,0,6,00ff,ff,ff,28
18,18,0,6,00ff,ff,ff,28
19,19,0,6,00ff,ff,ff,28
20,20,0,6,00ff,ff,ff,28
21,21,0,6,00ff,ff,ff,28
22,22,0,6,00ff,ff,ff,28
23,23,0,6,00ff,ff,ff,28
24,24,0,6,00ff,ff,ff,28
25,25,0,6,00ff,ff,ff,28
26,26,0,6,00ff,ff,ff,28
27,27,0,6,00ff,ff,ff,28
28,28,0,6,00ff,ff,ff,28
29,29,0,6,00ff,ff,ff,28
30,30,0,6,00ff,ff,ff,28
31,31,0,6,00ff,ff,ff,28
32,32,0,6,00ff,ff,ff,28
33,33,0,6,00ff,ff,ff,28
34,34,0,6,00ff,ff,ff,28
35,35,0,6,00ff,ff,ff,28
36,36,0,6,00ff,ff,ff,28
37,37,0,6,00ff,ff,ff,28
38,38,0,6,00ff,ff,ff,28
39,39,0,6,00ff,ff,ff,28
40,40,0,6,00ff,ff,ff,28
41,41,0,6,00ff,ff,ff,28
42,42,0,6,00ff,ff,ff,28
43,43,0,6,00ff,ff,ff,28
44,44,0,6,00ff,ff,ff,28
45,45,0,6,00ff,ff,ff,28
46,46,0,6,00ff,ff,ff,28
47,47,0,6,00ff,ff,ff,28
48,48,0,6,00ff,ff,ff,28
49,49,0,6,00ff,ff,ff,28
50,50,0,6,00ff,ff,ff,28
51,51,0,6,00ff,ff,ff,28
52,52,0,6,00ff,ff,ff,28
53,53,0,6,00ff,ff,ff,28
54,54,0,6,00ff,ff,ff,28
55,55,0,6,00ff,ff,ff,28
56,56,0,6,00ff,ff,ff,28
57,57,0,6,00ff,ff,ff,28
58,58,0,6,00ff,ff,ff,28
59,59,0,6,00ff,ff,ff,28
60,60,0,6,00ff,ff,ff,28
61,61,0,6,00ff,ff,ff,28
62,62,0,6,00ff,ff,ff,28
63,63,0,6,00ff,ff,ff,28
64,64,0,6,00ff,ff,ff,28
65,65,0,6,00ff,ff,ff,28
66,66,0,6,00ff,ff,ff,28
67,67,0,6,00ff,ff,ff,28
68,68,0,6,00ff,ff,ff,28
69,69,0,6,00ff,ff,ff,28
70,70,0,6,00ff,ff,ff,28
71,71,0,6,00ff,ff,ff,28
72,72,0,6,00ff,ff,ff,28
73,73,0,6,00ff,ff,ff,28
74,74,0,6,00ff,ff,ff,28
75,75,0,6,00ff,ff,ff,28
76,76,0,6,00ff,ff,ff,28
77,77,0,6,00ff,ff,ff,28
78,78,0,6,00ff,ff,ff,28
79,79,0,6,00ff,ff,ff,28
80,80,0,6,00ff,ff,ff,28
81,81,0,6,00ff,ff,ff,28
82,82,0,6,00ff,ff,ff,28
83,83,0,6,00ff,ff,ff,28
84,84,0,6,00ff,ff,ff,28
85,85,0,6,00ff,ff,ff,28
86,86,0,6,00ff,ff,ff,28
87,87,0,6,00ff,ff,ff,28
88,88,0,6,00ff,ff,ff,28
89,89,0,6,00ff,ff,ff,28
90,90,0,6,00ff,ff,ff,28
91,91,0,6,00ff,ff,ff,28
92,92,0,6,00ff,ff,ff,28
93,93,0,6,00ff,ff,ff,28
94,94,0,6,00ff,ff,ff,28
95,95,0,6,00ff,ff,ff,28
96,96,0,6,00ff,ff,ff,28
97,97,0,6,00ff,ff,ff,28
98,98,0,6,00ff,ff,ff,28
99,99,0,6,00ff,ff,ff,28
100,100,0,6,00ff,ff,ff,28
101,101,0,6,00ff,ff,ff,28
102,102,0,6,00ff,ff,ff,28
103,103,0,6,00ff,ff,ff,28
104,104,0,6,00ff,ff,ff,28
105,105,0,6,00ff,ff,ff,28
106,106,0,6,00ff,ff,ff,28
107,107,0,6,00ff,ff,ff,28
108,108,0,6,00ff,ff,ff,28
109,109,0,6,00ff,ff,ff,28
110,110,0,6,00ff,ff,ff,28
111,111,0,6,00ff,ff,ff,28
112,112,0,6,00ff,ff,ff,28
113,113,0,6,00ff,ff,ff,28
114,114,0,6,00ff,ff,ff,28
115,115,0,6,00ff,ff,ff,28
116,116,0,6,00ff,ff,ff,28
117,117,0,6,00ff,ff,ff,28
118,118,0,6,00ff,ff,ff,28
119,119,0,6,00ff,ff,ff,28
120,120,0,6,00ff,ff,ff,28
121,121,0,6,00ff,ff,ff,28
122,122,0,6,00ff,ff,ff,28
123,123,0,6,00ff,ff,ff,28
124,124,0,6,00ff,ff,ff,28
125,125,0,6,00ff,ff,ff,28
126,126,0,6,00ff,ff,ff,28
127,127,0,6,00ff,ff,ff,28
128,128,0,6,00ff,ff,ff,28
129,129,0,6,00ff,ff,ff,28
130,130,0,6,00ff,ff,ff,28
131,131,0,6,00ff,ff,ff,28
132,132,0,6,00ff,ff,ff,28
133,133,0,6,00ff,ff,ff,28
134,134,0,6,00ff,ff,ff,28
135,135,0,6,00ff,ff,ff,28
136,136,0,6,00ff,ff,ff,28
137,137,0,6,00ff,ff,ff,28
138,138,0,6,00ff,ff,ff,28
139,139,0,6,00ff,ff,ff,28
140,140,0,6,00ff,ff,ff,28
141,141,0,6,00ff,ff,ff,28
142,142,0,6,00ff,ff,ff,28
143,143,0,6,00ff,ff,ff,28
144,144,0,6,00ff,ff,ff,28
145,145,0,6,00ff,ff,ff,28
146,146,0,6,00ff,ff,ff,28
147,147,0,6,00ff,ff,ff,28
148,148,0,6,00ff,ff,ff,28
149,149,0,6,00ff,ff,ff,28
150,150,0,6,00ff,ff,ff,28
151,151,0,6,00ff,ff,ff,28
152,152,0,6,00ff,ff,ff,28
153,153,0,6,00ff,ff,ff,28
154,154,0,6,00ff,ff,ff,28
155,155,0,6,00ff,ff,ff,28
156,156,0,6,00ff,ff,ff,28
157,157,0,6,00ff,ff,ff,28
158,158,0,6,00ff,ff,ff,28
159,159,0,6,00ff,ff,ff,28
160,160,0,6,00ff,ff,ff,28
161,161,0,6,00ff,ff,ff,28
162,162,0,6,00ff,ff,ff,28
163,163,0,6,00ff,ff,ff,28
164,164,0,6,00ff,ff,ff,28
165,165,0,6,00ff,ff,ff,28
166,166,0,6,00ff,ff,ff,28
167,167,0,6,00ff,ff,ff,28
168,168,0,6,00ff,ff,ff,28
169,169,0,6,00ff,ff,ff,28
170,170,0,6,00ff,ff,ff,28
171,171,0,6,00ff,ff,ff,28
172,172,0,6,00ff,ff,ff,28
173,173,0,6,00ff,ff,ff,28
174,174,0,6,00ff,ff,ff,28
175,175,0,6,00ff,ff,ff,28
176,176,0,6,00ff,ff,ff,28
177,177,0,6,00ff,ff,ff,28
178,178,0,6,00ff,ff,ff,28
179,179,0,6,00ff,ff,ff,28
180,180,0,6,00ff,ff,ff,28
181,181,0,6,00ff,ff,ff,28
182,182,0,6,00ff,ff,ff,28
183,183,0,6,00ff,ff,ff,28
184,184,0,6,00ff,ff,ff,28
185,185,0,6,00ff,ff,ff,28
186,186,0,6,00ff,ff,ff,28
187,187,0,6,00ff,ff,ff,28
188,188,0,6,00ff,ff,ff,28
189,189,0,6,00ff,ff,ff,28
190,190,0,6,00ff,ff,ff,28
191,191,0,6,00ff,ff,ff,28
192,192,0,6,00ff,ff,ff,28
193,193,0,6,00ff,ff,ff,28
194,194,0,6,00ff,ff,ff,28
195,195,0,6,00ff,ff,ff,28
196,196,0,6,00ff,ff,ff,28
197,197,0,6,00ff,ff,ff,28
198,198,0,6,00ff,ff,ff,28
199,199,0,6,00ff,ff,ff,28
200,200,0,6,00ff,ff,ff,28
201,201,0,6,00ff,ff,ff,28
202,202,0,6,00ff,ff,ff,28
203,203,0,6,00ff,ff,ff,28
204,204,0,6,00ff,ff,ff,28
205,205,0,6,00ff,ff,ff,28
206,206,0,6,00ff,ff,ff,28
207,207,0,6,00ff,ff,ff,28
208,208,0,6,00ff,ff,ff,28
209,209,0,6,00ff,ff,ff,28
210,210,0,6,00ff,ff,ff,28
211,211,0,6,00ff,ff,ff,28
212,212,0,6,00ff,ff,ff,28
213,213,0,6,00ff,ff,ff,28
214,214,0,6,00ff,ff,ff,28
215,215,0,6,00ff,ff,ff,28
216,216,0,6,00ff,ff,ff,28
217,217,0,6,00ff,ff,ff,28
218,218,0,6,00ff,ff,ff,28
219,219,0,6,00ff,ff,ff,28
220,220,0,6,00ff,ff,ff,28
221,221,0,6,00ff,ff,ff,28
222,222,0,6,00ff,ff,ff,28
223,223,0,6,00ff,ff,ff,28
224,224,0,6,00ff,ff,ff,28
225,225,0,6,00ff,ff,ff,28
226,226,0,6,00ff,ff,ff,28
227,227,0,6,00ff,ff,ff,28
228,228,0,6,00ff,ff,ff,28
229,229,0,6,00ff,ff,ff,28
230,230,0,6,00ff,ff,ff,28
231,231,0,6,00ff,ff,ff,28
232,232,0,6,00ff,ff,ff,28
233,233,0,6,00ff,ff,ff,28
234,234,0,6,00ff,ff,ff,28
235,235,0,6,00ff,ff,ff,28
236,236,0,6,00ff,ff,ff,28
237,237,0,6,00ff,ff,ff,28
238,238,0,6,00ff,ff,ff,28
239,239,0,6,00ff,ff,ff,28
240,240,0,6,00ff,ff,ff,28
241,241,0,6,00ff,ff,ff,28
242,242,0,6,00ff,ff,ff,28
243,243,0,6,00ff,ff,ff,28
244,244,0,6,00ff,ff,ff,28
245,245,0,6,00ff,ff,ff,28
246,246,0,6,00ff,ff,ff,28
247,247,0,6,00ff,ff,ff,28
248,248,0,6,00ff,ff,ff,28
249,249,0,6,00ff,ff,ff,28
250,250,0,6,00ff,ff,ff,28
251,251,0,6,00ff,ff,ff,28
252,252,0,6,00ff,ff,ff,28
253,253,0,6,00ff,ff,ff,28
254,254,0,6,00ff,ff,ff,28
255,255,0,6,00ff,ff,ff,28
256,256,0,6,00ff,ff,ff,28
257,257,0,6,00ff,ff,ff,28
258,258,0,6,00ff,ff,ff,28
259,259,0,6,00ff,ff,ff,28
260,260,0,6,00ff,ff,ff,28
261,261,0,6,00ff,ff,ff,28
262,262,0,6,00ff,ff,ff,28
263,263,0,6,00ff,ff,ff,28
264,264,0,6,00ff,ff,ff,28
265,265,0,6,00ff,ff,ff,28
266,266,0,6,00ff,ff,ff,28
267,267,0,6,00ff,ff,ff,28
268,268,0,6,00ff,ff,ff,28
269,269,0,6,00ff,ff,ff,28
270,270,0,6,00ff,ff,ff,28
271,271,0,6,00ff,ff,ff,28
272,272,0,6,00ff,ff,ff,28
273,273,0,6,00ff,ff,ff,28
274,274,0,6,00ff,ff,ff,28
275,275,0,6,00ff,ff,ff,28
276,276,0,6,00ff,ff,ff,28
277,277,0,6,00ff,ff,ff,28
278,278,0,6,00ff,ff,ff,28
279,279,0,6,00ff,ff,ff,28
280,280,0,6,00ff,ff,ff,28
281,281,0,6,00ff,ff,ff,28
282,282,0,6,00ff,ff,ff,28
283,283,0,6,00ff,ff,ff,28
284,284,0,6,00ff,ff,ff,28
285,285,0,6,00ff,ff,ff,28
286,286,0,6,00ff,ff,ff,28
287,287,0,6,00ff,ff,ff,28
288,288,0,6,00ff,ff,ff,28
289,289,0,6,00ff,ff,ff,28
290,290,0,6,00ff,ff,ff,28
291,291,0,6,00ff,ff,ff,28
292,292,0,6,00ff,ff,ff,28
293,293,0,6,00ff,ff,ff,28
294,294,0,6,00ff,ff,ff,28
295,295,0,6,00ff,ff,ff,28
296,296,0,6,00ff,ff,ff,28
297,297,0,6,00ff,ff,ff,28
298,298,0,6,00ff,ff,ff,28
299,299,0,6,00ff,ff,ff,28
300,300,0,6,00ff,ff,ff,28
301,301,0,6,00ff,ff,ff,28
302,302,0,6,00ff,ff,ff,28
303,303,0,6,00ff,ff,ff,28
304,304,0,6,00ff,ff,ff,28
305,305,0,6,00ff,ff,ff,28
306,306,0,6,00ff,ff,ff,28
307,307,0,6,00ff,ff,ff,28
308,308,0,6,00ff,ff,ff,28
309,309,0,6,00ff,ff,ff,28
310,310,0,6,00ff,ff,ff,28
311,311,0,6,00ff,ff,ff,28
312,312,0,6,00ff,ff,ff,28
313,313,0,6,00ff,ff,ff,28
314,314,0,6,00ff,ff,ff,28
315,315,0,6,00ff,ff,ff,28
316,316,0,6,00ff,ff,ff,28
317,317,0,6,00ff,ff,ff,28
318,318,0,6,00ff,ff,ff,28
319,319,0,6,00ff,ff,ff,28
320,320,0,6,00ff,ff,ff,28
321,321,0,6,00ff,ff,ff,28
322,322,0,6,00ff,ff,ff,28
323,323,0,6,00ff,ff,ff,28
324,324,0,6,00ff,ff,ff,28
325,325,0,6,00ff,ff,ff,28
326,326,0,6,00ff,ff,ff,28
327,327,0,6,00ff,ff,ff,28
328,328,0,6,00ff,ff,ff,28
329,329,0,6,00ff,ff,ff,28
330,330,0,6,00ff,ff,ff,28
331,331,0,6,00ff,ff,ff,28
332,332,0,6,00ff,ff,ff,28
333,333,0,6,00ff,ff,ff,28
334,334,0,6,00ff,ff,ff,28
335,335,0,6,00ff,ff,ff,28
336,336,0,6,00ff,ff,ff,28
337,337,0,6,00ff,ff,ff,28
338,338,0,6,00ff,ff,ff,28
339,339,0,6,00ff,ff,ff,28
340,340,0,6,00ff,ff,ff,28
341,341,0,6,00ff,ff,ff,28
342,342,0,6,00ff,ff,ff,28
343,343,0,6,00ff,ff,ff,28
344,344,0,6,00ff,ff,ff,28
345,345,0,6,00ff,ff,ff,28
346,346,0,6,00ff,ff,ff,28
347,347,0,6,00ff,ff,ff,28
348,348,0,6,00ff,ff,ff,28
349,349,0,6,00ff,ff,ff,28
350,350,0,6,00ff,ff,ff,28
351,351,0,6,00ff,ff,ff,28
352,352,0,6,00ff,ff,ff,28
353,353,0,6,00ff,ff,ff,28
354,354,0,6,00ff,ff,ff,28
355,355,0,6,00ff,ff,ff,28
356,356,0,6,00ff,ff,ff,28
357,357,0,6,00ff,ff,ff,28
358,358,0,6,00ff,ff,ff,28
359,359,0,6,00ff,ff,ff,28
360,360,0,6,00ff,ff,ff,28
361,361,0,6,00ff,ff,ff,28
362,362,0,6,00ff,ff,ff,28
363,363,0,6,00ff,ff,ff,28
364,364,0,6,00ff,ff,ff,28
365,365,0,6,00ff,ff,ff,28
366,366,0,6,00ff,ff,ff,28
367,367,0,6,00ff,ff,ff,28
368,368,0,6,00ff,ff,ff,28
369,369,0,6,00ff,ff,ff,28
370,370,0,6,00ff,ff,ff,28
371,371,0,6,00ff,ff,ff,28
372,372,0,6,00ff,ff,ff,28
373,373,0,6,00ff,ff,ff,28
374,374,0,6,00ff,ff,ff,28
375,375,0,6,00ff,ff,ff,28
376,376,0,6,00ff,ff,ff,28
377,377,0,6,00ff,ff,ff,28
378,378,0,6,00ff,ff,ff,28
379,379,0,6,00ff,ff,ff,28
380,380,0,6,00ff,ff,ff,28
381,381,0,6,00ff,ff,ff,28
382,382,0,6,00ff,ff,ff,28
383,383,0,6,00ff,ff,ff,28
384,384,0,6,00ff,ff,ff,28
385,385,0,6,00ff,ff,ff,28
386,386,0,6,00ff,ff,ff,28
387,387,0,6,00ff,ff,ff,28
388,388,0,6,00ff,ff,ff,28
389,389,0,6,00ff,ff,ff,28
390,390,0,6,00ff,ff,ff,28
391,391,0,6,00ff,ff,ff,28
392,392,0,6,00ff,ff,ff,28
393,393,0,6,00ff,ff,ff,28
394,394,0,6,00ff,ff,ff,28
395,395,0,6,00ff,ff,ff,28
396,396,0,6,00ff,ff,ff,28
397,397,0,6,00ff,ff,ff,28
398,398,0,6,00ff,ff,ff,28
399,399,0,6,00ff,ff,ff,28
400,400,0,6,00ff,ff,ff,28
401,401,0,6,00ff,ff,ff,28
402,402,0,6,00ff,ff,ff,28
403,403,0,6,00ff,ff,ff,28
404,404,0,6,00ff,ff,ff,28
405,405,0,6,00ff,ff,ff,28
406,406,0,6,00ff,ff,ff,28
407,407,0,6,00ff,ff,ff,28
408,408,0,6,00ff,ff,ff,28
409,409,0,6,00ff,ff,ff,28
410,410,0,6,00ff,ff,ff,28
411,411,0,6,00ff,ff,ff,28
412,412,0,6,00ff,ff,ff,28
413,413,0,6,00ff,ff,ff,28
414,414,0,6,00ff,ff,ff,28
415,415,0,6,00ff,ff,ff,28
416,416,0,6,00ff,ff,ff,28
417,417,0,6,00ff,ff,ff,28
418,418,0,6,00ff,ff,ff,28
419,419,0,6,00ff,ff,ff,28
420,420,0,6,00ff,ff,ff,28
421,421,0,6,00ff,ff,ff,28
422,422,0,6,00ff,ff,ff,28
423,423,0,6,00ff,ff,ff,28
424,424,0,6,00ff,ff,ff,28
425,425,0,6,00ff,ff,ff,28
426,426,0,6,00ff,ff,ff,28
427,427,0,6,00ff,ff,ff,28
428,428,0,6,00ff,ff,ff,28
429,429,0,6,00ff,ff,ff,28
430,430,0,6,00ff,ff,ff,28
431,431,0,6,00ff,ff,ff,28
432,432,0,6,00ff,ff,ff,28
433,433,0,6,00ff,ff,ff,28
434,434,0,6,00ff,ff,ff,28
435,435,0,6,00ff,ff,ff,28
436,436,0,6,00ff,ff,ff,28
437,437,0,6,00ff,ff,ff,28
438,438,0,6,00ff,ff,ff,28
439,439,0,6,00ff,ff,ff,28
440,440,0,6,00ff,ff,ff,28
441,441,0,6,00ff,ff,ff,28
442,442,0,6,00ff,ff,ff,28
443,443,0,6,00ff,ff,ff,28
444,444,0,6,00ff,ff,ff,28
445,445,0,6,00ff,ff,ff,28
446,446,0,6,00ff,ff,ff,28
447,447,0,6,00ff,ff,ff,28
448,448,0,6,00ff,ff,ff,28
449,449,0,6,00ff,ff,ff,28
450,450,0,6,00ff,ff,ff,28
451,451,0,6,00ff,ff,ff,28
452,452,0,6,00ff,ff,ff,28
453,453,0,6,00ff,ff,ff,28
454,454,0,6,00ff,ff,ff,28
455,455,0,6,00ff,ff,ff,28
456,456,0,6,00ff,ff,ff,28
457,457,0,6,00ff,ff,ff,28
458,458,0,6,00ff,ff,ff,28
459,459,0,6,00ff,ff,ff,28
460,460,0,6,00ff,ff,ff,28
461,461,0,6,00ff,ff,ff,28
462,462,0,6,00ff,ff,ff,28
463,463,0,6,00ff,ff,ff,28
464,464,0,6,00ff,ff,ff,28
465,465,0,6,00ff,ff,ff,28
466,466,0,6,00ff,ff,ff,28
467,467,0,6,00ff,ff,ff,28
468,468,0,6,00ff,ff,ff,28
469,469,0,6,00ff,ff,ff,28
470,470,0,6,00ff,ff,ff,28
471,471,0,6,00ff,ff,ff,28
472,472,0,6,00ff,ff,ff,28
473,473,0,6,00ff,ff,ff,28
474,474,0,6,00ff,ff,ff,28
475,475,0,6,00ff,ff,ff,28
476,476,0,6,00ff,ff,ff,28
477,477,0,6,00ff,ff,ff,28
478,478,0,6,00ff,ff,ff,28
479,479,0,6,00ff,ff,ff,28
480,480,0,6,00ff,ff,ff,28
481,481,0,6,00ff,ff,ff,28
482,482,0,6,00ff,ff,ff,28
483,483,0,6,00ff,ff,ff,28
484,484,0,6,00ff,ff,ff,28
485,485,0,6,00ff,ff,ff,28
486,486,0,6,00ff,ff,ff,28
487,487,0,6,00ff,ff,ff,28
488,488,0,6,00ff,ff,ff,28
489,489,0,6,00ff,ff,ff,28
490,490,0,6,00ff,ff,ff,28
491,491,0,6,00ff,ff,ff,28
492,492,0,6,00ff,ff,ff,28
493,493,0,6,00ff,ff,ff,28
494,494,0,6,00ff,ff,ff,28
495,495,0,6,00ff,ff,ff,28
496,496,0,6,00ff,ff,ff,28
497,497,0,6,00ff,ff,ff,28
498,498,0,6,00ff,ff,ff,28
499,499,0,6,00ff,ff,ff,28
500,500,0,6,00ff,ff,ff,28
501,501,0,6,00ff,ff,ff,28
502,502,0,6,00ff,ff,ff,28
503,503,0,6,00ff,ff,ff,28
504,504,0,6,00ff,ff,ff,28
505,505,0,6,00ff,ff,ff,28
506,506,0,6,00ff,ff,ff,28
507,507,0,6,00ff,ff,ff,28
508,508,0,6,00ff,ff,ff,28
509,509,0,6,00ff,ff,ff,28
510,510,0,6,00ff,ff,ff,28
511,511,0,6,00ff,ff,ff,28
512,512,0,6,00ff,ff,ff,28
513,513,0,6,00ff,ff,ff,28
514,514,0,6,00ff,ff,ff,28
515,515,0,6,00ff,ff,ff,28
516,516,0,6,00ff,ff,ff,28
517,517,0,6,00ff,ff,ff,28
518,518,0,6,00ff,ff,ff,28
519,519,0,6,00ff,ff,ff,28
520,520,0,6,00ff,ff,ff,28
521,521,0,6,00ff,ff,ff,28
522,522,0,6,00ff,ff,ff,28
523,523,0,6,00ff,ff,ff,28
524,524,0,6,00ff,ff,ff,28
525,525,0,6,00ff,ff,ff,28
526,526,0,6,00ff,ff,ff,28
527,527,0,6,00ff,ff,ff,28
528,528,0,6,00ff,ff,ff,28
529,529,0,6,00ff,ff,ff,28
530,530,0,6,00ff,ff,ff,28
531,531,0,6,00ff,ff,ff,28
532,532,0,6,00ff,ff,ff,28
533,533,0,6,00ff,ff,ff,28
534,534,0,6,00ff,ff,ff,28
535,535,0,6,00ff,ff,ff,28
536,536,0,6,00ff,ff,ff,28
537,537,0,6,00ff,ff,ff,28
538,538,0,6,00ff,ff,ff,28
539,539,0,6,00ff,ff,ff,28
540,540,0,6,00ff,ff,ff,28
541,541,0,6,00ff,ff,ff,28
542,542,0,6,00ff,ff,ff,28
543,543,0,6,00ff,ff,ff,28
544,544,0,6,00ff,ff,ff,28
545,545,0,6,00ff,ff,ff,28
546,546,0,6,00ff,ff,ff,28
547,547,0,6,00ff,ff,ff,28
548,548,0,6,00ff,ff,ff,28
549,549,0,6,00ff,ff,ff,28
550,550,0,6,00ff,ff,ff,28
551,551,0,6,00ff,ff,ff,28
552,552,0,6,00ff,ff,ff,28
553,553,0,6,00ff,ff,ff,28
554,554,0,6,00ff,ff,ff,28
555,555,0,6,00ff,ff,ff,28
556,556,0,6,00ff,ff,ff,28
557,557,0,6,00ff,ff,ff,28
558,558,0,6,00ff,ff,ff,28
559,559,0,6,00ff,ff,ff,28
560,560,0,6,00ff,ff,ff,28
561,561,0,6,00ff,ff,ff,28
562,562,0,6,00ff,ff,ff,28
563,563,0,6,00ff,ff,ff,28
564,564,0,6,00ff,ff,ff,28
565,565,0,6,00ff,ff,ff,28
566,566,0,6,00ff,ff,ff,28
567,567,0,6,00ff,ff,ff,28
568,568,0,6,00ff,ff,ff,28
569,569,0,6,00ff,ff,ff,28
570,570,0,6,00ff,ff,ff,28
571,571,0,6,00ff,ff,ff,28
572,572,0,6,00ff,ff,ff,28
573,573,0,6,00ff,ff,ff,28
574,574,0,6,00ff,ff,ff,28
575,575,0,6,00ff,ff,ff,28
576,576,0,6,00ff,ff,ff,28
577,577,0,6,00ff,ff,ff,28
578,578,0,6,00ff,ff,ff,28
579,579,0,6,00ff,ff,ff,28
580,580,0,6,00ff,ff,ff,28
581,581,0,6,00ff,ff,ff,28
582,582,0,6,00ff,ff,ff,28
583,583,0,6,00ff,ff,ff,28
584,584,0,6,00ff,ff,ff,28
585,585,0,6,00ff,ff,ff,28
586,586,0,6,00ff,ff,ff,28
587,587,0,6,00ff,ff,ff,28
588,588,0,6,00ff,ff,ff,28
589,589,0,6,00ff,ff,ff,28
590,590,0,6,00ff,ff,ff,28
591,591,0,6,00ff,ff,ff,28
592,592,0,6,00ff,ff,ff,28
593,593,0,6,00ff,ff,ff,28
594,594,0,6,00ff,ff,ff,28
595,595,0,6,00ff,ff,ff,28
596,596,0,6,00ff,ff,ff,28
597,597,0,6,00ff,ff,ff,28
598,598,0,6,00ff,ff,ff,28
599,599,0,6,00ff,ff,ff,28
600,600,0,6,00ff,ff,ff,28
601,601,0,6,00ff,ff,ff,28
602,602,0,6,00ff,ff,ff,28
603,603,0,6,00ff,ff,ff,28
604,604,0,6,00ff,ff,ff,28
605,605,0,6,00ff,ff,ff,28
606,606,0,6,00ff,ff,ff,28
607,607,0,6,00ff,ff,ff,28
608,608,0,6,00ff,ff,ff,28
609,609,0,6,00ff,ff,ff,28
610,610,0,6,00ff,ff,ff,28
611,611,0,6,00ff,ff,ff,28
612,612,0,6,00ff,ff,ff,28
613,613,0,6,00ff,ff,ff,28
614,614,0,6,00ff,ff,ff,28
615,615,0,6,00ff,ff,ff,28
616,616,0,6,00ff,ff,ff,28
617,617,0,6,00ff,ff,ff,28
618,618,0,6,00ff,ff,ff,28
619,619,0,6,00ff,ff,ff,28
620,620,0,6,00ff,ff,ff,28
621,621,0,6,00ff,ff,ff,28
622,622,0,6,00ff,ff,ff,28
623,623,0,6,00ff,ff,ff,28
624,624,0,6,00ff,ff,ff,28
625,625,0,6,00ff,ff,ff,28
626,626,0,6,00ff,ff,ff,28
627,627,0,6,00ff,ff,ff,28
628,628,0,6,00ff,ff,ff,28
629,629,0,6,00ff,ff,ff,28
630,630,0,6,00ff,ff,ff,28
631,631,0,6,00ff,ff,ff,28
632,632,0,6,00ff,ff,ff,28
633,633,0,6,00ff,ff,ff,28
634,634,0,6,00ff,ff,ff,28
635,635,0,6,00ff,ff,ff,28
636,636,0,6,00ff,ff,ff,28
637,637,0,6,00ff,ff,ff,28
638,638,0,6,00ff,ff,ff,28
639,639,0,6,00ff,ff,ff,28
640,640,0,6,00ff,ff,ff,28
641,641,0,6,00ff,ff,ff,28
642,642,0,6,00ff,ff,ff,28
643,643,0,6,00ff,ff,ff,28
644,644,0,6,00ff,ff,ff,28
645,645,0,6,00ff,ff,ff,28
646,646,0,6,00ff,ff,ff,28
647,647,0,6,00ff,ff,ff,28
648,648,0,6,00ff,ff,ff,28
649,649,0,6,00ff,ff,ff,28
650,650,0,6,00ff,ff,ff,28
651,651,0,6,00ff,ff,ff,28
652,652,0,6,00ff,ff,ff,28
653,653,0,6,00ff,ff,ff,28
654,654,0,6,00ff,ff,ff,28
655,655,0,6,00ff,ff,ff,28
656,656,0,6,00ff,ff,ff,28
657,657,0,6,00ff,ff,ff,28
658,658,0,6,00ff,ff,ff,28
659,659,0,6,00ff,ff,ff,28
660,660,0,6,00ff,ff,ff,28
661,661,0,6,00ff,ff,ff,28
662,662,0,6,00ff,ff,ff,28
663,663,0,6,00ff,ff,ff,28
664,664,0,6,00ff,ff,ff,28
665,665,0,6,00ff,ff,ff,28
666,666,0,6,00ff,ff,ff,28
667,667,0,6,00ff,ff,ff,28
668,668,0,6,00ff,ff,ff,28
669,669,0,6,00ff,ff,ff,28
670,670,0,6,00ff,ff,ff,28
671,671,0,6,00ff,ff,ff,28
672,672,0,6,00ff,ff,ff,28
673,673,0,6,00ff,ff,ff,28
674,674,0,6,00ff,ff,ff,28
675,675,0,6,00ff,ff,ff,28
676,676,0,6,00ff,ff,ff,28
677,677,0,6,00ff,ff,ff,28
678,678,0,6,00ff,ff,ff,28
679,679,0,6,00ff,ff,ff,28
680,680,0,6,00ff,ff,ff,28
681,681,0,6,00ff,ff,ff,28
682,682,0,6,00ff,ff,ff,28
683,683,0,6,00ff,ff,ff,28
684,684,0,6,00ff,ff,ff,28
685,685,0,6,00ff,ff,ff,28
686,686,0,6,00ff,ff,ff,28
687,687,0,6,00ff,ff,ff,28
688,688,0,6,00ff,ff,ff,28
689,689,0,6,00ff,ff,ff,28
690,690,0,6,00ff,ff,ff,28
691,691,0,6,00ff,ff,ff,28
692,692,0,6,00ff,ff,ff,28
693,693,0,6,00ff,ff,ff,28
694,694,0,6,00ff,ff,ff,28
695,695,0,6,00ff,ff,ff,28
696,696,0,6,00ff,ff,ff,28
697,697,0,6,00ff,ff,ff,28
698,698,0,6,00ff,ff,ff,28
699,699,0,6,00ff,ff,ff,28
700,700,0,6,00ff,ff,ff,28
701,701,0,6,00ff,ff,ff,28
702,702,0,6,00ff,ff,ff,28
703,703,0,6,00ff,ff,ff,28
704,704,0,6,00ff,ff,ff,28
705,705,0,6,00ff,ff,ff,28
706,706,0,6,00ff,ff,ff,28
707,707,0,6,00ff,ff,ff,28
708,708,0,6,00ff,ff,ff,28
709,709,0,6,00ff,ff,ff,28
710,710,0,6,00ff,ff,ff,28
711,711,0,6,00ff,ff,ff,28
712,712,0,6,00ff,ff,ff,28
713,713,0,6,00ff,ff,ff,28
714,714,0,6,00ff,ff,ff,28
715,715,0,6,00ff,ff,ff,28
716,716,0,6,00ff,ff,ff,28
717,717,0,6,00ff,ff,ff,28
718,718,0,6,00ff,ff,ff,28
719,719,0,6,00ff,ff,ff,28
720,720,0,6,00ff,ff,ff,28
721,721,0,6,00ff,ff,ff,28
722,722,0,6,00ff,ff,ff,28
723,723,0,6,00ff,ff,ff,28
724,724,0,6,00ff,ff,ff,28
725,725,0,6,00ff,ff,ff,28
726,726,0,6,00ff,ff,ff,28
727,727,0,6,00ff,ff,ff,28
728,728,0,6,00ff,ff,ff,28
729,729,0,6,00ff,ff,ff,28
730,730,0,6,00ff,ff,ff,28
731,731,0,6,00ff,ff,ff,28
732,732,0,6,00ff,ff,ff,28
733,733,0,6,00ff,ff,ff,28
734,734,0,6,00ff,ff,ff,28
735,735,0,6,00ff,ff,ff,28
736,736,0,6,00ff,ff,ff,28
737,737,0,6,00ff,ff,ff,28
738,738,0,6,00ff,ff,ff,28
739,739,0,6,00ff,ff,ff,28
740,740,0,6,00ff,ff,ff,28
741,741,0,6,00ff,ff,ff,28
742,742,0,6,00ff,ff,ff,28
743,743,0,6,00ff,ff,ff,28
744,744,0,6,00ff,ff,ff,28
745,745,0,6,00ff,ff,ff,28
746,746,0,6,00ff,ff,ff,28
747,747,0,6,00ff,ff,ff,28
748,748,0,6,00ff,ff,ff,28
749,749,0,6,00ff,ff,ff,28
750,750,0,6,00ff,ff,ff,28
751,751,0,6,00ff,ff,ff,28
752,752,0,6,00ff,ff,ff,28
753,753,0,6,00ff,ff,ff,28
754,754,0,6,00ff,ff,ff,28
755,755,0,6,00ff,ff,ff,28
756,756,0,6,00ff,ff,ff,28
757,757,0,6,00ff,ff,ff,28
758,758,0,6,00ff,ff,ff,28
759,759,0,6,00ff,ff,ff,28
760,760,0,6,00ff,ff,ff,28
761,761,0,6,00ff,ff,ff,28
762,762,0,6,00ff,ff,ff,28
763,763,0,6,00ff,ff,ff,28
764,764,0,6,00ff,ff,ff,28
765,765,0,6,00ff,ff,ff,28
766,766,0,6,00ff,ff,ff,28
767,767,0,6,00ff,ff,ff,28
768,768,0,6,00ff,ff,ff,28
769,769,0,6,00ff,ff,ff,28
770,770,0,6,00ff,ff,ff,28
771,771,0,6,00ff,ff,ff,28
772,772,0,6,00ff,ff,ff,28
773,773,0,6,00ff,ff,ff,28
774,774,0,6,00ff,ff,ff,28
775,775,0,6,00ff,ff,ff,28
776,776,0,6,00ff,ff,ff,28
777,777,0,6,00ff,ff,ff,28
778,778,0,6,00ff,ff,ff,28
779,779,0,6,00ff,ff,ff,28
780,780,0,6,00ff,ff,ff,28
781,781,0,6,00ff,ff,ff,28
782,782,0,6,00ff,ff,ff,28
783,783,0,6,00ff,ff,ff,28
784,784,0,6,00ff,ff,ff,28
785,785,0,6,00ff,ff,ff,28
786,786,0,6,00ff,ff,ff,28
787,787,0,6,00ff,ff,ff,28
788,788,0,6,00ff,ff,ff,28
789,789,0,6,00ff,ff,ff,28
790,790,0,6,00ff,ff,ff,28
791,791,0,6,00ff,ff,ff,28
792,792,0,6,00ff,ff,ff,28
793,793,0,6,00ff,ff,ff,28
794,794,0,6,00ff,ff,ff,28
795,795,0,6,00ff,ff,ff,28
796,796,0,6,00ff,ff,ff,28
797,797,0,6,00ff,ff,ff,28
798,798,0,6,00ff,ff,ff,28
799,799,0,6,00ff,ff,ff,28
800,800,0,6,00ff,ff,ff,28
801,801,0,6,00ff,ff,ff,28
802,802,0,6,00ff,ff,ff,28
803,803,0,6,00ff,ff,ff,28
804,804,0,6,00ff,ff,ff,28
805,805,0,6,00ff,ff,ff,28
806,806,0,6,00ff,ff,ff,28
807,807,0,6,00ff,ff,ff,28
808,808,0,6,00ff,ff,ff,28
809,809,0,6,00ff,ff,ff,28
810,810,0,6,00ff,ff,ff,28
811,811,0,6,00ff,ff,ff,28
812,812,0,6,00ff,ff,ff,28
813,813,0,6,00ff,ff,ff,28
814,814,0,6,00ff,ff,ff,28
815,815,0,6,00ff,ff,ff,28
816,816,0,6,00ff,ff,ff,28
817,817,0,6,00ff,ff,ff,28
818,818,0,6,00ff,ff,ff,28
819,819,0,6,00ff,ff,ff,28
820,820,0,6,00ff,ff,ff,28
821,821,0,6,00ff,ff,ff,28
822,822,0,6,00ff,ff,ff,28
823,823,0,6,00ff,ff,ff,28
824,824,0,6,00ff,ff,ff,28
825,825,0,6,00ff,ff,ff,28
826,826,0,6,00ff,ff,ff,28
827,827,0,6,00ff,ff,ff,28
828,828,0,6,00ff,ff,ff,28
829,829,0,6,00ff,ff,ff,28
830,830,0,6,00ff,ff,ff,28
831,831,0,6,00ff,ff,ff,28
832,832,0,6,00ff,ff,ff,28
833,833,0,6,00ff,ff,ff,28
834,834,0,6,00ff,ff,ff,28
835,835,0,6,00ff,ff,ff,28
836,836,0,6,00ff,ff,ff,28
837,837,0,6,00ff,ff,ff,28
838,838,0,6,00ff,ff,ff,28
839,839,0,6,00ff,ff,ff,28
840,840,0,6,00ff,ff,ff,28
841,841,0,6,00ff,ff,ff,28
842,842,0,6,00ff,ff,ff,28
843,843,0,6,00ff,ff,ff,28
844,844,0,6,00ff,ff,ff,28
845,845,0,6,00ff,ff,ff,28
846,846,0,6,00ff,ff,ff,28
847,847,0,6,00ff,ff,ff,28
848,848,0,6,00ff,ff,ff,28
849,849,0,6,00ff,ff,ff,28
850,850,0,6,00ff,ff,ff,28
851,851,0,6,00ff,ff,ff,28
852,852,0,6,00ff,ff,ff,28
853,853,0,6,00ff,ff,ff,28
854,854,0,6,00ff,ff,ff,28
855,855,0,6,00ff,ff,ff,28
856,856,0,6,00ff,ff,ff,28
857,857,0,6,00ff,ff,ff,28
858,858,0,6,00ff,ff,ff,28
859,859,0,6,00ff,ff,ff,28
860,860,0,6,00ff,ff,ff,28
861,861,0,6,00ff,ff,ff,28
862,862,0,6,00ff,ff,ff,28
863,863,0,6,00ff,ff,ff,28
864,864,0,6,00ff,ff,ff,28
865,865,0,6,00ff,ff,ff,28
866,866,0,6,00ff,ff,ff,28
867,867,0,6,00ff,ff,ff,28
868,868,0,6,00ff,ff,ff,28
869,869,0,6,00ff,ff,ff,28
870,870,0,6,00ff,ff,ff,28
871,871,0,6,00ff,ff,ff,28
872,872,0,6,00ff,ff,ff,28
873,873,0,6,00ff,ff,ff,28
874,874,0,6,00ff,ff,ff,28
875,875,0,6,00ff,ff,ff,28
876,876,0,6,00ff,ff,ff,28
877,877,0,6,00ff,ff,ff,28
878,878,0,6,00ff,ff,ff,28
879,879,0,6,00ff,ff,ff,28
880,880,0,6,00ff,ff,ff,28
881,881,0,6,00ff,ff,ff,28
882,882,0,6,00ff,ff,ff,28
883,883,0,6,00ff,ff,ff,28
884,884,0,6,00ff,ff,ff,28
885,885,0,6,00ff,ff,ff,28
886,886,0,6,00ff,ff,ff,28
887,887,0,6,00ff,ff,ff,28
888,888,0,6,00ff,ff,ff,28
889,889,0,6,00ff,ff,ff,28
890,890,0,6,00ff,ff,ff,28
891,891,0,6,00ff,ff,ff,28
892,892,0,6,00ff,ff,ff,28
893,893,0,6,00ff,ff,ff,28
894,894,0,6,00ff,ff,ff,28
895,895,0,6,00ff,ff,ff,28
896,896,0,6,00ff,ff,ff,28
897,897,0,6,00ff,ff,ff,28
898,898,0,6,00ff,ff,ff,28
899,899,0,6,00ff,ff,ff,28
900,900,0,6,00ff,ff,ff,28
901,901,0,6,00ff,ff,ff,28
902,902,0,6,00ff,ff,ff,28
903,903,0,6,00ff,ff,ff,28
904,904,0,6,00ff,ff,ff,28
905,905,0,6,00ff,ff,ff,28
906,906,0,6,00ff,ff,ff,28
907,907,0,6,00ff,ff,ff,28
908,908,0,6,00ff,ff,ff,28
909,909,0,6,00ff,ff,ff,28
910,910,0,6,00ff,ff,ff,28
911,911,0,6,00ff,ff,ff,28
912,912,0,6,00ff,ff,ff,28
913,913,0,6,00ff,ff,ff,28
914,914,0,6,00ff,ff,ff,28
915,915,0,6,00ff,ff,ff,28
916,916,0,6,00ff,ff,ff,28
917,917,0,6,00ff,ff,ff,28
918,918,0,6,00ff,ff,ff,28
919,919,0,6,00ff,ff,ff,28
920,920,0,6,00ff,ff,ff,28
921,921,0,6,00ff,ff,ff,28
922,922,0,6,00ff,ff,ff,28
923,923,0,6,00ff,ff,ff,28
924,924,0,6,00ff,ff,ff,28
925,925,0,6,00ff,ff,ff,28
926,926,0,6,00ff,ff,ff,28
927,927,0,6,00ff,ff,ff,28
928,928,0,6,00ff,ff,ff,28
929,929,0,6,00ff,ff,ff,28
930,930,0,6,00ff,ff,ff,28
931,931,0,6,00ff,ff,ff,28
932,932,0,6,00ff,ff,ff,28
933,933,0,6,00ff,ff,ff,28
934,934,0,6,00ff,ff,ff,28
935,935,0,6,00ff,ff,ff,28
936,936,0,6,00ff,ff,ff,28
937,937,0,6,00ff,ff,ff,28
938,938,0,6,00ff,ff,ff,28
939,939,0,6,00ff,ff,ff,28
940,940,0,6,00ff,ff,ff,28
941,941,0,6,00ff,ff,ff,28
942,942,0,6,00ff,ff,ff,28
943,943,0,6,00ff,ff,ff,28
944,944,0,6,00ff,ff,ff,28
945,945,0,6,00ff,ff,ff,28
946,946,0,6,00ff,ff,ff,28
947,947,0,6,00ff,ff,ff,28
948,948,0,6,00ff,ff,ff,28
949,949,0,6,00ff,ff,ff,28
950,950,0,6,00ff,ff,ff,28
951,951,0,6,00ff,ff,ff,28
952,952,0,6,00ff,ff,ff,28
953,953,0,6,00ff,ff,ff,28
954,954,0,6,00ff,ff,ff,28
955,955,0,6,00ff,ff,ff,28
956,956,0,6,00ff,ff,ff,28
957,957,0,6,00ff,ff,ff,28
958,958,0,6,00ff,ff,ff,28
959,959,0,6,00ff,ff,ff,28
960,960,0,6,00ff,ff,ff,28
961,961,0,6,00ff,ff,ff,28
962,962,0,6,00ff,ff,ff,28
963,963,0,6,00ff,ff,ff,28
964,964,0,6,00ff,ff,ff,28
965,965,0,6,00ff,ff,ff,28
966,966,0,6,00ff,ff,ff,28
967,967,0,6,00ff,ff,ff,28
968,968,0,6,00ff,ff,ff,28
969,969,0,6,00ff,ff,ff,28
970,970,0,6,00ff,ff,ff,28
971,971,0,6,00ff,ff,ff,28
972,972,0,6,00ff,ff,ff,28
973,973,0,6,00ff,ff,ff,28
974,974,0,6,00ff,ff,ff,28
975,975,0,6,00ff,ff,ff,28
976,976,0,6,00ff,ff,ff,28
977,977,0,6,00ff,ff,ff,28
978,978,0,6,00ff,ff,ff,28
979,979,0,6,00ff,ff,ff,28
980,980,0,6,00ff,ff,ff,28
981,981,0,6,00ff,ff,ff,28
982,982,0,6,00ff,ff,ff,28
983,983,0,6,00ff,ff,ff,28
984,984,0,6,00ff,ff,ff,28
985,985,0,6,00ff,ff,ff,28
986,986,0,6,00ff,ff,ff,28
987,987,0,6,00ff,ff,ff,28
988,988,0,6,00ff,ff,ff,28
989,989,0,6,00ff,ff,ff,28
990,990,0,6,00ff,ff,ff,28
991,991,0,6,00ff,ff,ff,28
992,992,0,6,00ff,ff,ff,28
993,993,0,6,00ff,ff,ff,28
994,994,0,6,00ff,ff,ff,28
995,995,0,6,00ff,ff,ff,28
996,996,0,6,00ff,ff,ff,28
997,997,0,6,00ff,ff,ff,28
998,998,0,6,00ff,ff,ff,28
999,999,0,6,00ff,ff,ff,28
1000,1000,0,6,00ff,ff,ff,28
1001,1001,0,6,00ff,ff,ff,28
1002,1002,0,6,00ff,ff,ff,28
1003,1003,0,6,00ff,ff,ff,28
1004,1004,0,6,00ff,ff,ff,28
1005,1005,0,6,00ff,ff,ff,28
1006,1006,0,6,00ff,ff,ff,28
1007,1007,0,6,00ff,ff,ff,28
1008,1008,0,6,00ff,ff,ff,28
1009,1009,0,6,00ff,ff,ff,28
1010,1010,0,6,00ff,ff,ff,28
1011,1011,0,6,00ff,ff,ff,28
1012,1012,0,6,00ff,ff,ff,28
1013,1013,0,6,00ff,ff,ff,28
1014,1014,0,6,00ff,ff,ff,28
1015,1015,0,6,00ff,ff,ff,28
1016,1016,0,6,00ff,ff,ff,28
1017,1017,0,6,00ff,ff,ff,28
1018,1018,0,6,00ff,ff,ff,28
1019,1019,0,6,00ff,ff,ff,28
1020,1020,0,6,00ff,ff,ff,28
1021,1021,0,6,00ff,ff,ff,28
1022,1022,0,6,00ff,ff,ff,28
1023,1023,0,6,00ff,ff,ff,28
