Sample in Buffer,Sample in Window,TRIGGER,dbg_pfwd_wr[15:0],dbg_pfwd_drop[15:0],dbg_stack_txen,dbg_gmii_rx_dv,dbg_gmii_rxd[7:0],dbg_arp_rx_done,dbg_arp_rx_type,dbg_udp_rec_done,dbg_icmp_rec_done,dbg_rec_byte_num[15:0],dbg_udp_src_port[15:0]
Radix - UNSIGNED,UNSIGNED,UNSIGNED,HEX,HEX,HEX,HEX,HEX,HEX,HEX,HEX,HEX,HEX,HEX
0,0,0,0004,0000,0,0,dd,0,0,0,0,0000,04d2
1,1,0,0004,0000,0,0,dd,0,0,0,0,0000,04d2
2,2,0,0004,0000,0,0,dd,0,0,0,0,0000,04d2
3,3,0,0004,0000,0,0,dd,0,0,0,0,0000,04d2
4,4,0,0004,0000,0,0,dd,0,0,0,0,0000,04d2
5,5,0,0004,0000,0,0,dd,0,0,0,0,0000,04d2
6,6,0,0004,0000,0,0,dd,0,0,0,0,0000,04d2
7,7,0,0004,0000,0,0,dd,0,0,0,0,0000,04d2
8,8,0,0004,0000,0,0,dd,0,0,0,0,0000,04d2
9,9,0,0004,0000,0,0,dd,0,0,0,0,0000,04d2
10,10,0,0004,0000,0,0,dd,0,0,0,0,0000,04d2
11,11,0,0004,0000,0,0,dd,0,0,0,0,0000,04d2
12,12,0,0004,0000,0,0,dd,0,0,0,0,0000,04d2
13,13,0,0004,0000,0,0,dd,0,0,0,0,0000,04d2
14,14,0,0004,0000,0,0,dd,0,0,0,0,0000,04d2
15,15,0,0004,0000,0,0,dd,0,0,0,0,0000,04d2
16,16,0,0004,0000,0,0,dd,0,0,0,0,0000,04d2
17,17,0,0004,0000,0,0,dd,0,0,0,0,0000,04d2
18,18,0,0004,0000,0,0,dd,0,0,0,0,0000,04d2
19,19,0,0004,0000,0,0,dd,0,0,0,0,0000,04d2
20,20,0,0004,0000,0,0,dd,0,0,0,0,0000,04d2
21,21,0,0004,0000,0,0,dd,0,0,0,0,0000,04d2
22,22,0,0004,0000,0,0,dd,0,0,0,0,0000,04d2
23,23,0,0004,0000,0,0,dd,0,0,0,0,0000,04d2
24,24,0,0004,0000,0,0,dd,0,0,0,0,0000,04d2
25,25,0,0004,0000,0,0,dd,0,0,0,0,0000,04d2
26,26,0,0004,0000,0,0,dd,0,0,0,0,0000,04d2
27,27,0,0004,0000,0,0,dd,0,0,0,0,0000,04d2
28,28,0,0004,0000,0,0,dd,0,0,0,0,0000,04d2
29,29,0,0004,0000,0,0,dd,0,0,0,0,0000,04d2
30,30,0,0004,0000,0,0,dd,0,0,0,0,0000,04d2
31,31,0,0004,0000,0,0,dd,0,0,0,0,0000,04d2
32,32,0,0004,0000,0,0,dd,0,0,0,0,0000,04d2
33,33,0,0004,0000,0,0,dd,0,0,0,0,0000,04d2
34,34,0,0004,0000,0,0,dd,0,0,0,0,0000,04d2
35,35,0,0004,0000,0,0,dd,0,0,0,0,0000,04d2
36,36,0,0004,0000,0,0,dd,0,0,0,0,0000,04d2
37,37,0,0004,0000,0,0,dd,0,0,0,0,0000,04d2
38,38,0,0004,0000,0,0,dd,0,0,0,0,0000,04d2
39,39,0,0004,0000,0,0,dd,0,0,0,0,0000,04d2
40,40,0,0004,0000,0,0,dd,0,0,0,0,0000,04d2
41,41,0,0004,0000,0,0,dd,0,0,0,0,0000,04d2
42,42,0,0004,0000,0,0,dd,0,0,0,0,0000,04d2
43,43,0,0004,0000,0,0,dd,0,0,0,0,0000,04d2
44,44,0,0004,0000,0,0,dd,0,0,0,0,0000,04d2
45,45,0,0004,0000,0,0,dd,0,0,0,0,0000,04d2
46,46,0,0004,0000,0,0,dd,0,0,0,0,0000,04d2
47,47,0,0004,0000,0,0,dd,0,0,0,0,0000,04d2
48,48,0,0004,0000,0,0,dd,0,0,0,0,0000,04d2
49,49,0,0004,0000,0,0,dd,0,0,0,0,0000,04d2
50,50,0,0004,0000,0,0,dd,0,0,0,0,0000,04d2
51,51,0,0004,0000,0,0,dd,0,0,0,0,0000,04d2
52,52,0,0004,0000,0,0,dd,0,0,0,0,0000,04d2
53,53,0,0004,0000,0,0,dd,0,0,0,0,0000,04d2
54,54,0,0004,0000,0,0,dd,0,0,0,0,0000,04d2
55,55,0,0004,0000,0,0,dd,0,0,0,0,0000,04d2
56,56,0,0004,0000,0,0,dd,0,0,0,0,0000,04d2
57,57,0,0004,0000,0,0,dd,0,0,0,0,0000,04d2
58,58,0,0004,0000,0,0,dd,0,0,0,0,0000,04d2
59,59,0,0004,0000,0,0,dd,0,0,0,0,0000,04d2
60,60,0,0004,0000,0,0,dd,0,0,0,0,0000,04d2
61,61,0,0004,0000,0,0,dd,0,0,0,0,0000,04d2
62,62,0,0004,0000,0,0,dd,0,0,0,0,0000,04d2
63,63,0,0004,0000,0,0,dd,0,0,0,0,0000,04d2
64,64,0,0004,0000,0,0,dd,0,0,0,0,0000,04d2
65,65,0,0004,0000,0,0,dd,0,0,0,0,0000,04d2
66,66,0,0004,0000,0,0,dd,0,0,0,0,0000,04d2
67,67,0,0004,0000,0,0,dd,0,0,0,0,0000,04d2
68,68,0,0004,0000,0,0,dd,0,0,0,0,0000,04d2
69,69,0,0004,0000,0,0,dd,0,0,0,0,0000,04d2
70,70,0,0004,0000,0,0,dd,0,0,0,0,0000,04d2
71,71,0,0004,0000,0,0,dd,0,0,0,0,0000,04d2
72,72,0,0004,0000,0,0,dd,0,0,0,0,0000,04d2
73,73,0,0004,0000,0,0,dd,0,0,0,0,0000,04d2
74,74,0,0004,0000,0,0,dd,0,0,0,0,0000,04d2
75,75,0,0004,0000,0,0,dd,0,0,0,0,0000,04d2
76,76,0,0004,0000,0,0,dd,0,0,0,0,0000,04d2
77,77,0,0004,0000,0,0,dd,0,0,0,0,0000,04d2
78,78,0,0004,0000,0,0,dd,0,0,0,0,0000,04d2
79,79,0,0004,0000,0,0,dd,0,0,0,0,0000,04d2
80,80,0,0004,0000,0,0,dd,0,0,0,0,0000,04d2
81,81,0,0004,0000,0,0,dd,0,0,0,0,0000,04d2
82,82,0,0004,0000,0,0,dd,0,0,0,0,0000,04d2
83,83,0,0004,0000,0,0,dd,0,0,0,0,0000,04d2
84,84,0,0004,0000,0,0,dd,0,0,0,0,0000,04d2
85,85,0,0004,0000,0,0,dd,0,0,0,0,0000,04d2
86,86,0,0004,0000,0,0,dd,0,0,0,0,0000,04d2
87,87,0,0004,0000,0,0,dd,0,0,0,0,0000,04d2
88,88,0,0004,0000,0,0,dd,0,0,0,0,0000,04d2
89,89,0,0004,0000,0,0,dd,0,0,0,0,0000,04d2
90,90,0,0004,0000,0,0,dd,0,0,0,0,0000,04d2
91,91,0,0004,0000,0,0,dd,0,0,0,0,0000,04d2
92,92,0,0004,0000,0,0,dd,0,0,0,0,0000,04d2
93,93,0,0004,0000,0,0,dd,0,0,0,0,0000,04d2
94,94,0,0004,0000,0,0,dd,0,0,0,0,0000,04d2
95,95,0,0004,0000,0,0,dd,0,0,0,0,0000,04d2
96,96,0,0004,0000,0,0,dd,0,0,0,0,0000,04d2
97,97,0,0004,0000,0,0,dd,0,0,0,0,0000,04d2
98,98,0,0004,0000,0,0,dd,0,0,0,0,0000,04d2
99,99,0,0004,0000,0,0,dd,0,0,0,0,0000,04d2
100,100,0,0004,0000,0,0,dd,0,0,0,0,0000,04d2
101,101,0,0004,0000,0,0,dd,0,0,0,0,0000,04d2
102,102,0,0004,0000,0,0,dd,0,0,0,0,0000,04d2
103,103,0,0004,0000,0,0,dd,0,0,0,0,0000,04d2
104,104,0,0004,0000,0,0,dd,0,0,0,0,0000,04d2
105,105,0,0004,0000,0,0,dd,0,0,0,0,0000,04d2
106,106,0,0004,0000,0,0,dd,0,0,0,0,0000,04d2
107,107,0,0004,0000,0,0,dd,0,0,0,0,0000,04d2
108,108,0,0004,0000,0,0,dd,0,0,0,0,0000,04d2
109,109,0,0004,0000,0,0,dd,0,0,0,0,0000,04d2
110,110,0,0004,0000,0,0,dd,0,0,0,0,0000,04d2
111,111,0,0004,0000,0,0,dd,0,0,0,0,0000,04d2
112,112,0,0004,0000,0,0,dd,0,0,0,0,0000,04d2
113,113,0,0004,0000,0,0,dd,0,0,0,0,0000,04d2
114,114,0,0004,0000,0,0,dd,0,0,0,0,0000,04d2
115,115,0,0004,0000,0,0,dd,0,0,0,0,0000,04d2
116,116,0,0004,0000,0,0,dd,0,0,0,0,0000,04d2
117,117,0,0004,0000,0,0,dd,0,0,0,0,0000,04d2
118,118,0,0004,0000,0,0,dd,0,0,0,0,0000,04d2
119,119,0,0004,0000,0,0,dd,0,0,0,0,0000,04d2
120,120,0,0004,0000,0,0,dd,0,0,0,0,0000,04d2
121,121,0,0004,0000,0,0,dd,0,0,0,0,0000,04d2
122,122,0,0004,0000,0,0,dd,0,0,0,0,0000,04d2
123,123,0,0004,0000,0,0,dd,0,0,0,0,0000,04d2
124,124,0,0004,0000,0,0,dd,0,0,0,0,0000,04d2
125,125,0,0004,0000,0,0,dd,0,0,0,0,0000,04d2
126,126,0,0004,0000,0,0,dd,0,0,0,0,0000,04d2
127,127,0,0004,0000,0,0,dd,0,0,0,0,0000,04d2
128,128,0,0004,0000,0,0,dd,0,0,0,0,0000,04d2
129,129,0,0004,0000,0,0,dd,0,0,0,0,0000,04d2
130,130,0,0004,0000,0,0,dd,0,0,0,0,0000,04d2
131,131,0,0004,0000,0,0,dd,0,0,0,0,0000,04d2
132,132,0,0004,0000,0,0,dd,0,0,0,0,0000,04d2
133,133,0,0004,0000,0,0,dd,0,0,0,0,0000,04d2
134,134,0,0004,0000,0,0,dd,0,0,0,0,0000,04d2
135,135,0,0004,0000,0,0,dd,0,0,0,0,0000,04d2
136,136,0,0004,0000,0,0,dd,0,0,0,0,0000,04d2
137,137,0,0004,0000,0,0,dd,0,0,0,0,0000,04d2
138,138,0,0004,0000,0,0,dd,0,0,0,0,0000,04d2
139,139,0,0004,0000,0,0,dd,0,0,0,0,0000,04d2
140,140,0,0004,0000,0,0,dd,0,0,0,0,0000,04d2
141,141,0,0004,0000,0,0,dd,0,0,0,0,0000,04d2
142,142,0,0004,0000,0,0,dd,0,0,0,0,0000,04d2
143,143,0,0004,0000,0,0,dd,0,0,0,0,0000,04d2
144,144,0,0004,0000,0,0,dd,0,0,0,0,0000,04d2
145,145,0,0004,0000,0,0,dd,0,0,0,0,0000,04d2
146,146,0,0004,0000,0,0,dd,0,0,0,0,0000,04d2
147,147,0,0004,0000,0,0,dd,0,0,0,0,0000,04d2
148,148,0,0004,0000,0,0,dd,0,0,0,0,0000,04d2
149,149,0,0004,0000,0,0,dd,0,0,0,0,0000,04d2
150,150,0,0004,0000,0,0,dd,0,0,0,0,0000,04d2
151,151,0,0004,0000,0,0,dd,0,0,0,0,0000,04d2
152,152,0,0004,0000,0,0,dd,0,0,0,0,0000,04d2
153,153,0,0004,0000,0,0,dd,0,0,0,0,0000,04d2
154,154,0,0004,0000,0,0,dd,0,0,0,0,0000,04d2
155,155,0,0004,0000,0,0,dd,0,0,0,0,0000,04d2
156,156,0,0004,0000,0,0,dd,0,0,0,0,0000,04d2
157,157,0,0004,0000,0,0,dd,0,0,0,0,0000,04d2
158,158,0,0004,0000,0,0,dd,0,0,0,0,0000,04d2
159,159,0,0004,0000,0,0,dd,0,0,0,0,0000,04d2
160,160,0,0004,0000,0,0,dd,0,0,0,0,0000,04d2
161,161,0,0004,0000,0,0,dd,0,0,0,0,0000,04d2
162,162,0,0004,0000,0,0,dd,0,0,0,0,0000,04d2
163,163,0,0004,0000,0,0,dd,0,0,0,0,0000,04d2
164,164,0,0004,0000,0,0,dd,0,0,0,0,0000,04d2
165,165,0,0004,0000,0,0,dd,0,0,0,0,0000,04d2
166,166,0,0004,0000,0,0,dd,0,0,0,0,0000,04d2
167,167,0,0004,0000,0,0,dd,0,0,0,0,0000,04d2
168,168,0,0004,0000,0,0,dd,0,0,0,0,0000,04d2
169,169,0,0004,0000,0,0,dd,0,0,0,0,0000,04d2
170,170,0,0004,0000,0,0,dd,0,0,0,0,0000,04d2
171,171,0,0004,0000,0,0,dd,0,0,0,0,0000,04d2
172,172,0,0004,0000,0,0,dd,0,0,0,0,0000,04d2
173,173,0,0004,0000,0,0,dd,0,0,0,0,0000,04d2
174,174,0,0004,0000,0,0,dd,0,0,0,0,0000,04d2
175,175,0,0004,0000,0,0,dd,0,0,0,0,0000,04d2
176,176,0,0004,0000,0,0,dd,0,0,0,0,0000,04d2
177,177,0,0004,0000,0,0,dd,0,0,0,0,0000,04d2
178,178,0,0004,0000,0,0,dd,0,0,0,0,0000,04d2
179,179,0,0004,0000,0,0,dd,0,0,0,0,0000,04d2
180,180,0,0004,0000,0,0,dd,0,0,0,0,0000,04d2
181,181,0,0004,0000,0,0,dd,0,0,0,0,0000,04d2
182,182,0,0004,0000,0,0,dd,0,0,0,0,0000,04d2
183,183,0,0004,0000,0,0,dd,0,0,0,0,0000,04d2
184,184,0,0004,0000,0,0,dd,0,0,0,0,0000,04d2
185,185,0,0004,0000,0,0,dd,0,0,0,0,0000,04d2
186,186,0,0004,0000,0,0,dd,0,0,0,0,0000,04d2
187,187,0,0004,0000,0,0,dd,0,0,0,0,0000,04d2
188,188,0,0004,0000,0,0,dd,0,0,0,0,0000,04d2
189,189,0,0004,0000,0,0,dd,0,0,0,0,0000,04d2
190,190,0,0004,0000,0,0,dd,0,0,0,0,0000,04d2
191,191,0,0004,0000,0,0,dd,0,0,0,0,0000,04d2
192,192,0,0004,0000,0,0,dd,0,0,0,0,0000,04d2
193,193,0,0004,0000,0,0,dd,0,0,0,0,0000,04d2
194,194,0,0004,0000,0,0,dd,0,0,0,0,0000,04d2
195,195,0,0004,0000,0,0,dd,0,0,0,0,0000,04d2
196,196,0,0004,0000,0,0,dd,0,0,0,0,0000,04d2
197,197,0,0004,0000,0,0,dd,0,0,0,0,0000,04d2
198,198,0,0004,0000,0,0,dd,0,0,0,0,0000,04d2
199,199,0,0004,0000,0,0,dd,0,0,0,0,0000,04d2
200,200,0,0004,0000,0,0,dd,0,0,0,0,0000,04d2
201,201,0,0004,0000,0,0,dd,0,0,0,0,0000,04d2
202,202,0,0004,0000,0,0,dd,0,0,0,0,0000,04d2
203,203,0,0004,0000,0,0,dd,0,0,0,0,0000,04d2
204,204,0,0004,0000,0,0,dd,0,0,0,0,0000,04d2
205,205,0,0004,0000,0,0,dd,0,0,0,0,0000,04d2
206,206,0,0004,0000,0,0,dd,0,0,0,0,0000,04d2
207,207,0,0004,0000,0,0,dd,0,0,0,0,0000,04d2
208,208,0,0004,0000,0,0,dd,0,0,0,0,0000,04d2
209,209,0,0004,0000,0,0,dd,0,0,0,0,0000,04d2
210,210,0,0004,0000,0,0,dd,0,0,0,0,0000,04d2
211,211,0,0004,0000,0,0,dd,0,0,0,0,0000,04d2
212,212,0,0004,0000,0,0,dd,0,0,0,0,0000,04d2
213,213,0,0004,0000,0,0,dd,0,0,0,0,0000,04d2
214,214,0,0004,0000,0,0,dd,0,0,0,0,0000,04d2
215,215,0,0004,0000,0,0,dd,0,0,0,0,0000,04d2
216,216,0,0004,0000,0,0,dd,0,0,0,0,0000,04d2
217,217,0,0004,0000,0,0,dd,0,0,0,0,0000,04d2
218,218,0,0004,0000,0,0,dd,0,0,0,0,0000,04d2
219,219,0,0004,0000,0,0,dd,0,0,0,0,0000,04d2
220,220,0,0004,0000,0,0,dd,0,0,0,0,0000,04d2
221,221,0,0004,0000,0,0,dd,0,0,0,0,0000,04d2
222,222,0,0004,0000,0,0,dd,0,0,0,0,0000,04d2
223,223,0,0004,0000,0,0,dd,0,0,0,0,0000,04d2
224,224,0,0004,0000,0,0,dd,0,0,0,0,0000,04d2
225,225,0,0004,0000,0,0,dd,0,0,0,0,0000,04d2
226,226,0,0004,0000,0,0,dd,0,0,0,0,0000,04d2
227,227,0,0004,0000,0,0,dd,0,0,0,0,0000,04d2
228,228,0,0004,0000,0,0,dd,0,0,0,0,0000,04d2
229,229,0,0004,0000,0,0,dd,0,0,0,0,0000,04d2
230,230,0,0004,0000,0,0,dd,0,0,0,0,0000,04d2
231,231,0,0004,0000,0,0,dd,0,0,0,0,0000,04d2
232,232,0,0004,0000,0,0,dd,0,0,0,0,0000,04d2
233,233,0,0004,0000,0,0,dd,0,0,0,0,0000,04d2
234,234,0,0004,0000,0,0,dd,0,0,0,0,0000,04d2
235,235,0,0004,0000,0,0,dd,0,0,0,0,0000,04d2
236,236,0,0004,0000,0,0,dd,0,0,0,0,0000,04d2
237,237,0,0004,0000,0,0,dd,0,0,0,0,0000,04d2
238,238,0,0004,0000,0,0,dd,0,0,0,0,0000,04d2
239,239,0,0004,0000,0,0,dd,0,0,0,0,0000,04d2
240,240,0,0004,0000,0,0,dd,0,0,0,0,0000,04d2
241,241,0,0004,0000,0,0,dd,0,0,0,0,0000,04d2
242,242,0,0004,0000,0,0,dd,0,0,0,0,0000,04d2
243,243,0,0004,0000,0,0,dd,0,0,0,0,0000,04d2
244,244,0,0004,0000,0,0,dd,0,0,0,0,0000,04d2
245,245,0,0004,0000,0,0,dd,0,0,0,0,0000,04d2
246,246,0,0004,0000,0,0,dd,0,0,0,0,0000,04d2
247,247,0,0004,0000,0,0,dd,0,0,0,0,0000,04d2
248,248,0,0004,0000,0,0,dd,0,0,0,0,0000,04d2
249,249,0,0004,0000,0,0,dd,0,0,0,0,0000,04d2
250,250,0,0004,0000,0,0,dd,0,0,0,0,0000,04d2
251,251,0,0004,0000,0,0,dd,0,0,0,0,0000,04d2
252,252,0,0004,0000,0,0,dd,0,0,0,0,0000,04d2
253,253,0,0004,0000,0,0,dd,0,0,0,0,0000,04d2
254,254,0,0004,0000,0,0,dd,0,0,0,0,0000,04d2
255,255,0,0004,0000,0,0,dd,0,0,0,0,0000,04d2
256,256,0,0004,0000,0,0,dd,0,0,0,0,0000,04d2
257,257,0,0004,0000,0,0,dd,0,0,0,0,0000,04d2
258,258,0,0004,0000,0,0,dd,0,0,0,0,0000,04d2
259,259,0,0004,0000,0,0,dd,0,0,0,0,0000,04d2
260,260,0,0004,0000,0,0,dd,0,0,0,0,0000,04d2
261,261,0,0004,0000,0,0,dd,0,0,0,0,0000,04d2
262,262,0,0004,0000,0,0,dd,0,0,0,0,0000,04d2
263,263,0,0004,0000,0,0,dd,0,0,0,0,0000,04d2
264,264,0,0004,0000,0,0,dd,0,0,0,0,0000,04d2
265,265,0,0004,0000,0,0,dd,0,0,0,0,0000,04d2
266,266,0,0004,0000,0,0,dd,0,0,0,0,0000,04d2
267,267,0,0004,0000,0,0,dd,0,0,0,0,0000,04d2
268,268,0,0004,0000,0,0,dd,0,0,0,0,0000,04d2
269,269,0,0004,0000,0,0,dd,0,0,0,0,0000,04d2
270,270,0,0004,0000,0,0,dd,0,0,0,0,0000,04d2
271,271,0,0004,0000,0,0,dd,0,0,0,0,0000,04d2
272,272,0,0004,0000,0,0,dd,0,0,0,0,0000,04d2
273,273,0,0004,0000,0,0,dd,0,0,0,0,0000,04d2
274,274,0,0004,0000,0,0,dd,0,0,0,0,0000,04d2
275,275,0,0004,0000,0,0,dd,0,0,0,0,0000,04d2
276,276,0,0004,0000,0,0,dd,0,0,0,0,0000,04d2
277,277,0,0004,0000,0,0,dd,0,0,0,0,0000,04d2
278,278,0,0004,0000,0,0,dd,0,0,0,0,0000,04d2
279,279,0,0004,0000,0,0,dd,0,0,0,0,0000,04d2
280,280,0,0004,0000,0,0,dd,0,0,0,0,0000,04d2
281,281,0,0004,0000,0,0,dd,0,0,0,0,0000,04d2
282,282,0,0004,0000,0,0,dd,0,0,0,0,0000,04d2
283,283,0,0004,0000,0,0,dd,0,0,0,0,0000,04d2
284,284,0,0004,0000,0,0,dd,0,0,0,0,0000,04d2
285,285,0,0004,0000,0,0,dd,0,0,0,0,0000,04d2
286,286,0,0004,0000,0,0,dd,0,0,0,0,0000,04d2
287,287,0,0004,0000,0,0,dd,0,0,0,0,0000,04d2
288,288,0,0004,0000,0,0,dd,0,0,0,0,0000,04d2
289,289,0,0004,0000,0,0,dd,0,0,0,0,0000,04d2
290,290,0,0004,0000,0,0,dd,0,0,0,0,0000,04d2
291,291,0,0004,0000,0,0,dd,0,0,0,0,0000,04d2
292,292,0,0004,0000,0,0,dd,0,0,0,0,0000,04d2
293,293,0,0004,0000,0,0,dd,0,0,0,0,0000,04d2
294,294,0,0004,0000,0,0,dd,0,0,0,0,0000,04d2
295,295,0,0004,0000,0,0,dd,0,0,0,0,0000,04d2
296,296,0,0004,0000,0,0,dd,0,0,0,0,0000,04d2
297,297,0,0004,0000,0,0,dd,0,0,0,0,0000,04d2
298,298,0,0004,0000,0,0,dd,0,0,0,0,0000,04d2
299,299,0,0004,0000,0,0,dd,0,0,0,0,0000,04d2
300,300,0,0004,0000,0,0,dd,0,0,0,0,0000,04d2
301,301,0,0004,0000,0,0,dd,0,0,0,0,0000,04d2
302,302,0,0004,0000,0,0,dd,0,0,0,0,0000,04d2
303,303,0,0004,0000,0,0,dd,0,0,0,0,0000,04d2
304,304,0,0004,0000,0,0,dd,0,0,0,0,0000,04d2
305,305,0,0004,0000,0,0,dd,0,0,0,0,0000,04d2
306,306,0,0004,0000,0,0,dd,0,0,0,0,0000,04d2
307,307,0,0004,0000,0,0,dd,0,0,0,0,0000,04d2
308,308,0,0004,0000,0,0,dd,0,0,0,0,0000,04d2
309,309,0,0004,0000,0,0,dd,0,0,0,0,0000,04d2
310,310,0,0004,0000,0,0,dd,0,0,0,0,0000,04d2
311,311,0,0004,0000,0,0,dd,0,0,0,0,0000,04d2
312,312,0,0004,0000,0,0,dd,0,0,0,0,0000,04d2
313,313,0,0004,0000,0,0,dd,0,0,0,0,0000,04d2
314,314,0,0004,0000,0,0,dd,0,0,0,0,0000,04d2
315,315,0,0004,0000,0,0,dd,0,0,0,0,0000,04d2
316,316,0,0004,0000,0,0,dd,0,0,0,0,0000,04d2
317,317,0,0004,0000,0,0,dd,0,0,0,0,0000,04d2
318,318,0,0004,0000,0,0,dd,0,0,0,0,0000,04d2
319,319,0,0004,0000,0,0,dd,0,0,0,0,0000,04d2
320,320,0,0004,0000,0,0,dd,0,0,0,0,0000,04d2
321,321,0,0004,0000,0,0,dd,0,0,0,0,0000,04d2
322,322,0,0004,0000,0,0,dd,0,0,0,0,0000,04d2
323,323,0,0004,0000,0,0,dd,0,0,0,0,0000,04d2
324,324,0,0004,0000,0,0,dd,0,0,0,0,0000,04d2
325,325,0,0004,0000,0,0,dd,0,0,0,0,0000,04d2
326,326,0,0004,0000,0,0,dd,0,0,0,0,0000,04d2
327,327,0,0004,0000,0,0,dd,0,0,0,0,0000,04d2
328,328,0,0004,0000,0,0,dd,0,0,0,0,0000,04d2
329,329,0,0004,0000,0,0,dd,0,0,0,0,0000,04d2
330,330,0,0004,0000,0,0,dd,0,0,0,0,0000,04d2
331,331,0,0004,0000,0,0,dd,0,0,0,0,0000,04d2
332,332,0,0004,0000,0,0,dd,0,0,0,0,0000,04d2
333,333,0,0004,0000,0,0,dd,0,0,0,0,0000,04d2
334,334,0,0004,0000,0,0,dd,0,0,0,0,0000,04d2
335,335,0,0004,0000,0,0,dd,0,0,0,0,0000,04d2
336,336,0,0004,0000,0,0,dd,0,0,0,0,0000,04d2
337,337,0,0004,0000,0,0,dd,0,0,0,0,0000,04d2
338,338,0,0004,0000,0,0,dd,0,0,0,0,0000,04d2
339,339,0,0004,0000,0,0,dd,0,0,0,0,0000,04d2
340,340,0,0004,0000,0,0,dd,0,0,0,0,0000,04d2
341,341,0,0004,0000,0,0,dd,0,0,0,0,0000,04d2
342,342,0,0004,0000,0,0,dd,0,0,0,0,0000,04d2
343,343,0,0004,0000,0,0,dd,0,0,0,0,0000,04d2
344,344,0,0004,0000,0,0,dd,0,0,0,0,0000,04d2
345,345,0,0004,0000,0,0,dd,0,0,0,0,0000,04d2
346,346,0,0004,0000,0,0,dd,0,0,0,0,0000,04d2
347,347,0,0004,0000,0,0,dd,0,0,0,0,0000,04d2
348,348,0,0004,0000,0,0,dd,0,0,0,0,0000,04d2
349,349,0,0004,0000,0,0,dd,0,0,0,0,0000,04d2
350,350,0,0004,0000,0,0,dd,0,0,0,0,0000,04d2
351,351,0,0004,0000,0,0,dd,0,0,0,0,0000,04d2
352,352,0,0004,0000,0,0,dd,0,0,0,0,0000,04d2
353,353,0,0004,0000,0,0,dd,0,0,0,0,0000,04d2
354,354,0,0004,0000,0,0,dd,0,0,0,0,0000,04d2
355,355,0,0004,0000,0,0,dd,0,0,0,0,0000,04d2
356,356,0,0004,0000,0,0,dd,0,0,0,0,0000,04d2
357,357,0,0004,0000,0,0,dd,0,0,0,0,0000,04d2
358,358,0,0004,0000,0,0,dd,0,0,0,0,0000,04d2
359,359,0,0004,0000,0,0,dd,0,0,0,0,0000,04d2
360,360,0,0004,0000,0,0,dd,0,0,0,0,0000,04d2
361,361,0,0004,0000,0,0,dd,0,0,0,0,0000,04d2
362,362,0,0004,0000,0,0,dd,0,0,0,0,0000,04d2
363,363,0,0004,0000,0,0,dd,0,0,0,0,0000,04d2
364,364,0,0004,0000,0,0,dd,0,0,0,0,0000,04d2
365,365,0,0004,0000,0,0,dd,0,0,0,0,0000,04d2
366,366,0,0004,0000,0,0,dd,0,0,0,0,0000,04d2
367,367,0,0004,0000,0,0,dd,0,0,0,0,0000,04d2
368,368,0,0004,0000,0,0,dd,0,0,0,0,0000,04d2
369,369,0,0004,0000,0,0,dd,0,0,0,0,0000,04d2
370,370,0,0004,0000,0,0,dd,0,0,0,0,0000,04d2
371,371,0,0004,0000,0,0,dd,0,0,0,0,0000,04d2
372,372,0,0004,0000,0,0,dd,0,0,0,0,0000,04d2
373,373,0,0004,0000,0,0,dd,0,0,0,0,0000,04d2
374,374,0,0004,0000,0,0,dd,0,0,0,0,0000,04d2
375,375,0,0004,0000,0,0,dd,0,0,0,0,0000,04d2
376,376,0,0004,0000,0,0,dd,0,0,0,0,0000,04d2
377,377,0,0004,0000,0,0,dd,0,0,0,0,0000,04d2
378,378,0,0004,0000,0,0,dd,0,0,0,0,0000,04d2
379,379,0,0004,0000,0,0,dd,0,0,0,0,0000,04d2
380,380,0,0004,0000,0,0,dd,0,0,0,0,0000,04d2
381,381,0,0004,0000,0,0,dd,0,0,0,0,0000,04d2
382,382,0,0004,0000,0,0,dd,0,0,0,0,0000,04d2
383,383,0,0004,0000,0,0,dd,0,0,0,0,0000,04d2
384,384,0,0004,0000,0,0,dd,0,0,0,0,0000,04d2
385,385,0,0004,0000,0,0,dd,0,0,0,0,0000,04d2
386,386,0,0004,0000,0,0,dd,0,0,0,0,0000,04d2
387,387,0,0004,0000,0,0,dd,0,0,0,0,0000,04d2
388,388,0,0004,0000,0,0,dd,0,0,0,0,0000,04d2
389,389,0,0004,0000,0,0,dd,0,0,0,0,0000,04d2
390,390,0,0004,0000,0,0,dd,0,0,0,0,0000,04d2
391,391,0,0004,0000,0,0,dd,0,0,0,0,0000,04d2
392,392,0,0004,0000,0,0,dd,0,0,0,0,0000,04d2
393,393,0,0004,0000,0,0,dd,0,0,0,0,0000,04d2
394,394,0,0004,0000,0,0,dd,0,0,0,0,0000,04d2
395,395,0,0004,0000,0,0,dd,0,0,0,0,0000,04d2
396,396,0,0004,0000,0,0,dd,0,0,0,0,0000,04d2
397,397,0,0004,0000,0,0,dd,0,0,0,0,0000,04d2
398,398,0,0004,0000,0,0,dd,0,0,0,0,0000,04d2
399,399,0,0004,0000,0,0,dd,0,0,0,0,0000,04d2
400,400,0,0004,0000,0,0,dd,0,0,0,0,0000,04d2
401,401,0,0004,0000,0,0,dd,0,0,0,0,0000,04d2
402,402,0,0004,0000,0,0,dd,0,0,0,0,0000,04d2
403,403,0,0004,0000,0,0,dd,0,0,0,0,0000,04d2
404,404,0,0004,0000,0,0,dd,0,0,0,0,0000,04d2
405,405,0,0004,0000,0,0,dd,0,0,0,0,0000,04d2
406,406,0,0004,0000,0,0,dd,0,0,0,0,0000,04d2
407,407,0,0004,0000,0,0,dd,0,0,0,0,0000,04d2
408,408,0,0004,0000,0,0,dd,0,0,0,0,0000,04d2
409,409,0,0004,0000,0,0,dd,0,0,0,0,0000,04d2
410,410,0,0004,0000,0,0,dd,0,0,0,0,0000,04d2
411,411,0,0004,0000,0,0,dd,0,0,0,0,0000,04d2
412,412,0,0004,0000,0,0,dd,0,0,0,0,0000,04d2
413,413,0,0004,0000,0,0,dd,0,0,0,0,0000,04d2
414,414,0,0004,0000,0,0,dd,0,0,0,0,0000,04d2
415,415,0,0004,0000,0,0,dd,0,0,0,0,0000,04d2
416,416,0,0004,0000,0,0,dd,0,0,0,0,0000,04d2
417,417,0,0004,0000,0,0,dd,0,0,0,0,0000,04d2
418,418,0,0004,0000,0,0,dd,0,0,0,0,0000,04d2
419,419,0,0004,0000,0,0,dd,0,0,0,0,0000,04d2
420,420,0,0004,0000,0,0,dd,0,0,0,0,0000,04d2
421,421,0,0004,0000,0,0,dd,0,0,0,0,0000,04d2
422,422,0,0004,0000,0,0,dd,0,0,0,0,0000,04d2
423,423,0,0004,0000,0,0,dd,0,0,0,0,0000,04d2
424,424,0,0004,0000,0,0,dd,0,0,0,0,0000,04d2
425,425,0,0004,0000,0,0,dd,0,0,0,0,0000,04d2
426,426,0,0004,0000,0,0,dd,0,0,0,0,0000,04d2
427,427,0,0004,0000,0,0,dd,0,0,0,0,0000,04d2
428,428,0,0004,0000,0,0,dd,0,0,0,0,0000,04d2
429,429,0,0004,0000,0,0,dd,0,0,0,0,0000,04d2
430,430,0,0004,0000,0,0,dd,0,0,0,0,0000,04d2
431,431,0,0004,0000,0,0,dd,0,0,0,0,0000,04d2
432,432,0,0004,0000,0,0,dd,0,0,0,0,0000,04d2
433,433,0,0004,0000,0,0,dd,0,0,0,0,0000,04d2
434,434,0,0004,0000,0,0,dd,0,0,0,0,0000,04d2
435,435,0,0004,0000,0,0,dd,0,0,0,0,0000,04d2
436,436,0,0004,0000,0,0,dd,0,0,0,0,0000,04d2
437,437,0,0004,0000,0,0,dd,0,0,0,0,0000,04d2
438,438,0,0004,0000,0,0,dd,0,0,0,0,0000,04d2
439,439,0,0004,0000,0,0,dd,0,0,0,0,0000,04d2
440,440,0,0004,0000,0,0,dd,0,0,0,0,0000,04d2
441,441,0,0004,0000,0,0,dd,0,0,0,0,0000,04d2
442,442,0,0004,0000,0,0,dd,0,0,0,0,0000,04d2
443,443,0,0004,0000,0,0,dd,0,0,0,0,0000,04d2
444,444,0,0004,0000,0,0,dd,0,0,0,0,0000,04d2
445,445,0,0004,0000,0,0,dd,0,0,0,0,0000,04d2
446,446,0,0004,0000,0,0,dd,0,0,0,0,0000,04d2
447,447,0,0004,0000,0,0,dd,0,0,0,0,0000,04d2
448,448,0,0004,0000,0,0,dd,0,0,0,0,0000,04d2
449,449,0,0004,0000,0,0,dd,0,0,0,0,0000,04d2
450,450,0,0004,0000,0,0,dd,0,0,0,0,0000,04d2
451,451,0,0004,0000,0,0,dd,0,0,0,0,0000,04d2
452,452,0,0004,0000,0,0,dd,0,0,0,0,0000,04d2
453,453,0,0004,0000,0,0,dd,0,0,0,0,0000,04d2
454,454,0,0004,0000,0,0,dd,0,0,0,0,0000,04d2
455,455,0,0004,0000,0,0,dd,0,0,0,0,0000,04d2
456,456,0,0004,0000,0,0,dd,0,0,0,0,0000,04d2
457,457,0,0004,0000,0,0,dd,0,0,0,0,0000,04d2
458,458,0,0004,0000,0,0,dd,0,0,0,0,0000,04d2
459,459,0,0004,0000,0,0,dd,0,0,0,0,0000,04d2
460,460,0,0004,0000,0,0,dd,0,0,0,0,0000,04d2
461,461,0,0004,0000,0,0,dd,0,0,0,0,0000,04d2
462,462,0,0004,0000,0,0,dd,0,0,0,0,0000,04d2
463,463,0,0004,0000,0,0,dd,0,0,0,0,0000,04d2
464,464,0,0004,0000,0,0,dd,0,0,0,0,0000,04d2
465,465,0,0004,0000,0,0,dd,0,0,0,0,0000,04d2
466,466,0,0004,0000,0,0,dd,0,0,0,0,0000,04d2
467,467,0,0004,0000,0,0,dd,0,0,0,0,0000,04d2
468,468,0,0004,0000,0,0,dd,0,0,0,0,0000,04d2
469,469,0,0004,0000,0,0,dd,0,0,0,0,0000,04d2
470,470,0,0004,0000,0,0,dd,0,0,0,0,0000,04d2
471,471,0,0004,0000,0,0,dd,0,0,0,0,0000,04d2
472,472,0,0004,0000,0,0,dd,0,0,0,0,0000,04d2
473,473,0,0004,0000,0,0,dd,0,0,0,0,0000,04d2
474,474,0,0004,0000,0,0,dd,0,0,0,0,0000,04d2
475,475,0,0004,0000,0,0,dd,0,0,0,0,0000,04d2
476,476,0,0004,0000,0,0,dd,0,0,0,0,0000,04d2
477,477,0,0004,0000,0,0,dd,0,0,0,0,0000,04d2
478,478,0,0004,0000,0,0,dd,0,0,0,0,0000,04d2
479,479,0,0004,0000,0,0,dd,0,0,0,0,0000,04d2
480,480,0,0004,0000,0,0,dd,0,0,0,0,0000,04d2
481,481,0,0004,0000,0,0,dd,0,0,0,0,0000,04d2
482,482,0,0004,0000,0,0,dd,0,0,0,0,0000,04d2
483,483,0,0004,0000,0,0,dd,0,0,0,0,0000,04d2
484,484,0,0004,0000,0,0,dd,0,0,0,0,0000,04d2
485,485,0,0004,0000,0,0,dd,0,0,0,0,0000,04d2
486,486,0,0004,0000,0,0,dd,0,0,0,0,0000,04d2
487,487,0,0004,0000,0,0,dd,0,0,0,0,0000,04d2
488,488,0,0004,0000,0,0,dd,0,0,0,0,0000,04d2
489,489,0,0004,0000,0,0,dd,0,0,0,0,0000,04d2
490,490,0,0004,0000,0,0,dd,0,0,0,0,0000,04d2
491,491,0,0004,0000,0,0,dd,0,0,0,0,0000,04d2
492,492,0,0004,0000,0,0,dd,0,0,0,0,0000,04d2
493,493,0,0004,0000,0,0,dd,0,0,0,0,0000,04d2
494,494,0,0004,0000,0,0,dd,0,0,0,0,0000,04d2
495,495,0,0004,0000,0,0,dd,0,0,0,0,0000,04d2
496,496,0,0004,0000,0,0,dd,0,0,0,0,0000,04d2
497,497,0,0004,0000,0,0,dd,0,0,0,0,0000,04d2
498,498,0,0004,0000,0,0,dd,0,0,0,0,0000,04d2
499,499,0,0004,0000,0,0,dd,0,0,0,0,0000,04d2
500,500,0,0004,0000,0,0,dd,0,0,0,0,0000,04d2
501,501,0,0004,0000,0,0,dd,0,0,0,0,0000,04d2
502,502,0,0004,0000,0,0,dd,0,0,0,0,0000,04d2
503,503,0,0004,0000,0,0,dd,0,0,0,0,0000,04d2
504,504,0,0004,0000,0,0,dd,0,0,0,0,0000,04d2
505,505,0,0004,0000,0,0,dd,0,0,0,0,0000,04d2
506,506,0,0004,0000,0,0,dd,0,0,0,0,0000,04d2
507,507,0,0004,0000,0,0,dd,0,0,0,0,0000,04d2
508,508,0,0004,0000,0,0,dd,0,0,0,0,0000,04d2
509,509,0,0004,0000,0,0,dd,0,0,0,0,0000,04d2
510,510,0,0004,0000,0,0,dd,0,0,0,0,0000,04d2
511,511,0,0004,0000,0,0,dd,0,0,0,0,0000,04d2
512,512,0,0004,0000,0,0,dd,0,0,0,0,0000,04d2
513,513,0,0004,0000,0,0,dd,0,0,0,0,0000,04d2
514,514,0,0004,0000,0,0,dd,0,0,0,0,0000,04d2
515,515,0,0004,0000,0,0,dd,0,0,0,0,0000,04d2
516,516,0,0004,0000,0,0,dd,0,0,0,0,0000,04d2
517,517,0,0004,0000,0,0,dd,0,0,0,0,0000,04d2
518,518,0,0004,0000,0,0,dd,0,0,0,0,0000,04d2
519,519,0,0004,0000,0,0,dd,0,0,0,0,0000,04d2
520,520,0,0004,0000,0,0,dd,0,0,0,0,0000,04d2
521,521,0,0004,0000,0,0,dd,0,0,0,0,0000,04d2
522,522,0,0004,0000,0,0,dd,0,0,0,0,0000,04d2
523,523,0,0004,0000,0,0,dd,0,0,0,0,0000,04d2
524,524,0,0004,0000,0,0,dd,0,0,0,0,0000,04d2
525,525,0,0004,0000,0,0,dd,0,0,0,0,0000,04d2
526,526,0,0004,0000,0,0,dd,0,0,0,0,0000,04d2
527,527,0,0004,0000,0,0,dd,0,0,0,0,0000,04d2
528,528,0,0004,0000,0,0,dd,0,0,0,0,0000,04d2
529,529,0,0004,0000,0,0,dd,0,0,0,0,0000,04d2
530,530,0,0004,0000,0,0,dd,0,0,0,0,0000,04d2
531,531,0,0004,0000,0,0,dd,0,0,0,0,0000,04d2
532,532,0,0004,0000,0,0,dd,0,0,0,0,0000,04d2
533,533,0,0004,0000,0,0,dd,0,0,0,0,0000,04d2
534,534,0,0004,0000,0,0,dd,0,0,0,0,0000,04d2
535,535,0,0004,0000,0,0,dd,0,0,0,0,0000,04d2
536,536,0,0004,0000,0,0,dd,0,0,0,0,0000,04d2
537,537,0,0004,0000,0,0,dd,0,0,0,0,0000,04d2
538,538,0,0004,0000,0,0,dd,0,0,0,0,0000,04d2
539,539,0,0004,0000,0,0,dd,0,0,0,0,0000,04d2
540,540,0,0004,0000,0,0,dd,0,0,0,0,0000,04d2
541,541,0,0004,0000,0,0,dd,0,0,0,0,0000,04d2
542,542,0,0004,0000,0,0,dd,0,0,0,0,0000,04d2
543,543,0,0004,0000,0,0,dd,0,0,0,0,0000,04d2
544,544,0,0004,0000,0,0,dd,0,0,0,0,0000,04d2
545,545,0,0004,0000,0,0,dd,0,0,0,0,0000,04d2
546,546,0,0004,0000,0,0,dd,0,0,0,0,0000,04d2
547,547,0,0004,0000,0,0,dd,0,0,0,0,0000,04d2
548,548,0,0004,0000,0,0,dd,0,0,0,0,0000,04d2
549,549,0,0004,0000,0,0,dd,0,0,0,0,0000,04d2
550,550,0,0004,0000,0,0,dd,0,0,0,0,0000,04d2
551,551,0,0004,0000,0,0,dd,0,0,0,0,0000,04d2
552,552,0,0004,0000,0,0,dd,0,0,0,0,0000,04d2
553,553,0,0004,0000,0,0,dd,0,0,0,0,0000,04d2
554,554,0,0004,0000,0,0,dd,0,0,0,0,0000,04d2
555,555,0,0004,0000,0,0,dd,0,0,0,0,0000,04d2
556,556,0,0004,0000,0,0,dd,0,0,0,0,0000,04d2
557,557,0,0004,0000,0,0,dd,0,0,0,0,0000,04d2
558,558,0,0004,0000,0,0,dd,0,0,0,0,0000,04d2
559,559,0,0004,0000,0,0,dd,0,0,0,0,0000,04d2
560,560,0,0004,0000,0,0,dd,0,0,0,0,0000,04d2
561,561,0,0004,0000,0,0,dd,0,0,0,0,0000,04d2
562,562,0,0004,0000,0,0,dd,0,0,0,0,0000,04d2
563,563,0,0004,0000,0,0,dd,0,0,0,0,0000,04d2
564,564,0,0004,0000,0,0,dd,0,0,0,0,0000,04d2
565,565,0,0004,0000,0,0,dd,0,0,0,0,0000,04d2
566,566,0,0004,0000,0,0,dd,0,0,0,0,0000,04d2
567,567,0,0004,0000,0,0,dd,0,0,0,0,0000,04d2
568,568,0,0004,0000,0,0,dd,0,0,0,0,0000,04d2
569,569,0,0004,0000,0,0,dd,0,0,0,0,0000,04d2
570,570,0,0004,0000,0,0,dd,0,0,0,0,0000,04d2
571,571,0,0004,0000,0,0,dd,0,0,0,0,0000,04d2
572,572,0,0004,0000,0,0,dd,0,0,0,0,0000,04d2
573,573,0,0004,0000,0,0,dd,0,0,0,0,0000,04d2
574,574,0,0004,0000,0,0,dd,0,0,0,0,0000,04d2
575,575,0,0004,0000,0,0,dd,0,0,0,0,0000,04d2
576,576,0,0004,0000,0,0,dd,0,0,0,0,0000,04d2
577,577,0,0004,0000,0,0,dd,0,0,0,0,0000,04d2
578,578,0,0004,0000,0,0,dd,0,0,0,0,0000,04d2
579,579,0,0004,0000,0,0,dd,0,0,0,0,0000,04d2
580,580,0,0004,0000,0,0,dd,0,0,0,0,0000,04d2
581,581,0,0004,0000,0,0,dd,0,0,0,0,0000,04d2
582,582,0,0004,0000,0,0,dd,0,0,0,0,0000,04d2
583,583,0,0004,0000,0,0,dd,0,0,0,0,0000,04d2
584,584,0,0004,0000,0,0,dd,0,0,0,0,0000,04d2
585,585,0,0004,0000,0,0,dd,0,0,0,0,0000,04d2
586,586,0,0004,0000,0,0,dd,0,0,0,0,0000,04d2
587,587,0,0004,0000,0,0,dd,0,0,0,0,0000,04d2
588,588,0,0004,0000,0,0,dd,0,0,0,0,0000,04d2
589,589,0,0004,0000,0,0,dd,0,0,0,0,0000,04d2
590,590,0,0004,0000,0,0,dd,0,0,0,0,0000,04d2
591,591,0,0004,0000,0,0,dd,0,0,0,0,0000,04d2
592,592,0,0004,0000,0,0,dd,0,0,0,0,0000,04d2
593,593,0,0004,0000,0,0,dd,0,0,0,0,0000,04d2
594,594,0,0004,0000,0,0,dd,0,0,0,0,0000,04d2
595,595,0,0004,0000,0,0,dd,0,0,0,0,0000,04d2
596,596,0,0004,0000,0,0,dd,0,0,0,0,0000,04d2
597,597,0,0004,0000,0,0,dd,0,0,0,0,0000,04d2
598,598,0,0004,0000,0,0,dd,0,0,0,0,0000,04d2
599,599,0,0004,0000,0,0,dd,0,0,0,0,0000,04d2
600,600,0,0004,0000,0,0,dd,0,0,0,0,0000,04d2
601,601,0,0004,0000,0,0,dd,0,0,0,0,0000,04d2
602,602,0,0004,0000,0,0,dd,0,0,0,0,0000,04d2
603,603,0,0004,0000,0,0,dd,0,0,0,0,0000,04d2
604,604,0,0004,0000,0,0,dd,0,0,0,0,0000,04d2
605,605,0,0004,0000,0,0,dd,0,0,0,0,0000,04d2
606,606,0,0004,0000,0,0,dd,0,0,0,0,0000,04d2
607,607,0,0004,0000,0,0,dd,0,0,0,0,0000,04d2
608,608,0,0004,0000,0,0,dd,0,0,0,0,0000,04d2
609,609,0,0004,0000,0,0,dd,0,0,0,0,0000,04d2
610,610,0,0004,0000,0,0,dd,0,0,0,0,0000,04d2
611,611,0,0004,0000,0,0,dd,0,0,0,0,0000,04d2
612,612,0,0004,0000,0,0,dd,0,0,0,0,0000,04d2
613,613,0,0004,0000,0,0,dd,0,0,0,0,0000,04d2
614,614,0,0004,0000,0,0,dd,0,0,0,0,0000,04d2
615,615,0,0004,0000,0,0,dd,0,0,0,0,0000,04d2
616,616,0,0004,0000,0,0,dd,0,0,0,0,0000,04d2
617,617,0,0004,0000,0,0,dd,0,0,0,0,0000,04d2
618,618,0,0004,0000,0,0,dd,0,0,0,0,0000,04d2
619,619,0,0004,0000,0,0,dd,0,0,0,0,0000,04d2
620,620,0,0004,0000,0,0,dd,0,0,0,0,0000,04d2
621,621,0,0004,0000,0,0,dd,0,0,0,0,0000,04d2
622,622,0,0004,0000,0,0,dd,0,0,0,0,0000,04d2
623,623,0,0004,0000,0,0,dd,0,0,0,0,0000,04d2
624,624,0,0004,0000,0,0,dd,0,0,0,0,0000,04d2
625,625,0,0004,0000,0,0,dd,0,0,0,0,0000,04d2
626,626,0,0004,0000,0,0,dd,0,0,0,0,0000,04d2
627,627,0,0004,0000,0,0,dd,0,0,0,0,0000,04d2
628,628,0,0004,0000,0,0,dd,0,0,0,0,0000,04d2
629,629,0,0004,0000,0,0,dd,0,0,0,0,0000,04d2
630,630,0,0004,0000,0,0,dd,0,0,0,0,0000,04d2
631,631,0,0004,0000,0,0,dd,0,0,0,0,0000,04d2
632,632,0,0004,0000,0,0,dd,0,0,0,0,0000,04d2
633,633,0,0004,0000,0,0,dd,0,0,0,0,0000,04d2
634,634,0,0004,0000,0,0,dd,0,0,0,0,0000,04d2
635,635,0,0004,0000,0,0,dd,0,0,0,0,0000,04d2
636,636,0,0004,0000,0,0,dd,0,0,0,0,0000,04d2
637,637,0,0004,0000,0,0,dd,0,0,0,0,0000,04d2
638,638,0,0004,0000,0,0,dd,0,0,0,0,0000,04d2
639,639,0,0004,0000,0,0,dd,0,0,0,0,0000,04d2
640,640,0,0004,0000,0,0,dd,0,0,0,0,0000,04d2
641,641,0,0004,0000,0,0,dd,0,0,0,0,0000,04d2
642,642,0,0004,0000,0,0,dd,0,0,0,0,0000,04d2
643,643,0,0004,0000,0,0,dd,0,0,0,0,0000,04d2
644,644,0,0004,0000,0,0,dd,0,0,0,0,0000,04d2
645,645,0,0004,0000,0,0,dd,0,0,0,0,0000,04d2
646,646,0,0004,0000,0,0,dd,0,0,0,0,0000,04d2
647,647,0,0004,0000,0,0,dd,0,0,0,0,0000,04d2
648,648,0,0004,0000,0,0,dd,0,0,0,0,0000,04d2
649,649,0,0004,0000,0,0,dd,0,0,0,0,0000,04d2
650,650,0,0004,0000,0,0,dd,0,0,0,0,0000,04d2
651,651,0,0004,0000,0,0,dd,0,0,0,0,0000,04d2
652,652,0,0004,0000,0,0,dd,0,0,0,0,0000,04d2
653,653,0,0004,0000,0,0,dd,0,0,0,0,0000,04d2
654,654,0,0004,0000,0,0,dd,0,0,0,0,0000,04d2
655,655,0,0004,0000,0,0,dd,0,0,0,0,0000,04d2
656,656,0,0004,0000,0,0,dd,0,0,0,0,0000,04d2
657,657,0,0004,0000,0,0,dd,0,0,0,0,0000,04d2
658,658,0,0004,0000,0,0,dd,0,0,0,0,0000,04d2
659,659,0,0004,0000,0,0,dd,0,0,0,0,0000,04d2
660,660,0,0004,0000,0,0,dd,0,0,0,0,0000,04d2
661,661,0,0004,0000,0,0,dd,0,0,0,0,0000,04d2
662,662,0,0004,0000,0,0,dd,0,0,0,0,0000,04d2
663,663,0,0004,0000,0,0,dd,0,0,0,0,0000,04d2
664,664,0,0004,0000,0,0,dd,0,0,0,0,0000,04d2
665,665,0,0004,0000,0,0,dd,0,0,0,0,0000,04d2
666,666,0,0004,0000,0,0,dd,0,0,0,0,0000,04d2
667,667,0,0004,0000,0,0,dd,0,0,0,0,0000,04d2
668,668,0,0004,0000,0,0,dd,0,0,0,0,0000,04d2
669,669,0,0004,0000,0,0,dd,0,0,0,0,0000,04d2
670,670,0,0004,0000,0,0,dd,0,0,0,0,0000,04d2
671,671,0,0004,0000,0,0,dd,0,0,0,0,0000,04d2
672,672,0,0004,0000,0,0,dd,0,0,0,0,0000,04d2
673,673,0,0004,0000,0,0,dd,0,0,0,0,0000,04d2
674,674,0,0004,0000,0,0,dd,0,0,0,0,0000,04d2
675,675,0,0004,0000,0,0,dd,0,0,0,0,0000,04d2
676,676,0,0004,0000,0,0,dd,0,0,0,0,0000,04d2
677,677,0,0004,0000,0,0,dd,0,0,0,0,0000,04d2
678,678,0,0004,0000,0,0,dd,0,0,0,0,0000,04d2
679,679,0,0004,0000,0,0,dd,0,0,0,0,0000,04d2
680,680,0,0004,0000,0,0,dd,0,0,0,0,0000,04d2
681,681,0,0004,0000,0,0,dd,0,0,0,0,0000,04d2
682,682,0,0004,0000,0,0,dd,0,0,0,0,0000,04d2
683,683,0,0004,0000,0,0,dd,0,0,0,0,0000,04d2
684,684,0,0004,0000,0,0,dd,0,0,0,0,0000,04d2
685,685,0,0004,0000,0,0,dd,0,0,0,0,0000,04d2
686,686,0,0004,0000,0,0,dd,0,0,0,0,0000,04d2
687,687,0,0004,0000,0,0,dd,0,0,0,0,0000,04d2
688,688,0,0004,0000,0,0,dd,0,0,0,0,0000,04d2
689,689,0,0004,0000,0,0,dd,0,0,0,0,0000,04d2
690,690,0,0004,0000,0,0,dd,0,0,0,0,0000,04d2
691,691,0,0004,0000,0,0,dd,0,0,0,0,0000,04d2
692,692,0,0004,0000,0,0,dd,0,0,0,0,0000,04d2
693,693,0,0004,0000,0,0,dd,0,0,0,0,0000,04d2
694,694,0,0004,0000,0,0,dd,0,0,0,0,0000,04d2
695,695,0,0004,0000,0,0,dd,0,0,0,0,0000,04d2
696,696,0,0004,0000,0,0,dd,0,0,0,0,0000,04d2
697,697,0,0004,0000,0,0,dd,0,0,0,0,0000,04d2
698,698,0,0004,0000,0,0,dd,0,0,0,0,0000,04d2
699,699,0,0004,0000,0,0,dd,0,0,0,0,0000,04d2
700,700,0,0004,0000,0,0,dd,0,0,0,0,0000,04d2
701,701,0,0004,0000,0,0,dd,0,0,0,0,0000,04d2
702,702,0,0004,0000,0,0,dd,0,0,0,0,0000,04d2
703,703,0,0004,0000,0,0,dd,0,0,0,0,0000,04d2
704,704,0,0004,0000,0,0,dd,0,0,0,0,0000,04d2
705,705,0,0004,0000,0,0,dd,0,0,0,0,0000,04d2
706,706,0,0004,0000,0,0,dd,0,0,0,0,0000,04d2
707,707,0,0004,0000,0,0,dd,0,0,0,0,0000,04d2
708,708,0,0004,0000,0,0,dd,0,0,0,0,0000,04d2
709,709,0,0004,0000,0,0,dd,0,0,0,0,0000,04d2
710,710,0,0004,0000,0,0,dd,0,0,0,0,0000,04d2
711,711,0,0004,0000,0,0,dd,0,0,0,0,0000,04d2
712,712,0,0004,0000,0,0,dd,0,0,0,0,0000,04d2
713,713,0,0004,0000,0,0,dd,0,0,0,0,0000,04d2
714,714,0,0004,0000,0,0,dd,0,0,0,0,0000,04d2
715,715,0,0004,0000,0,0,dd,0,0,0,0,0000,04d2
716,716,0,0004,0000,0,0,dd,0,0,0,0,0000,04d2
717,717,0,0004,0000,0,0,dd,0,0,0,0,0000,04d2
718,718,0,0004,0000,0,0,dd,0,0,0,0,0000,04d2
719,719,0,0004,0000,0,0,dd,0,0,0,0,0000,04d2
720,720,0,0004,0000,0,0,dd,0,0,0,0,0000,04d2
721,721,0,0004,0000,0,0,dd,0,0,0,0,0000,04d2
722,722,0,0004,0000,0,0,dd,0,0,0,0,0000,04d2
723,723,0,0004,0000,0,0,dd,0,0,0,0,0000,04d2
724,724,0,0004,0000,0,0,dd,0,0,0,0,0000,04d2
725,725,0,0004,0000,0,0,dd,0,0,0,0,0000,04d2
726,726,0,0004,0000,0,0,dd,0,0,0,0,0000,04d2
727,727,0,0004,0000,0,0,dd,0,0,0,0,0000,04d2
728,728,0,0004,0000,0,0,dd,0,0,0,0,0000,04d2
729,729,0,0004,0000,0,0,dd,0,0,0,0,0000,04d2
730,730,0,0004,0000,0,0,dd,0,0,0,0,0000,04d2
731,731,0,0004,0000,0,0,dd,0,0,0,0,0000,04d2
732,732,0,0004,0000,0,0,dd,0,0,0,0,0000,04d2
733,733,0,0004,0000,0,0,dd,0,0,0,0,0000,04d2
734,734,0,0004,0000,0,0,dd,0,0,0,0,0000,04d2
735,735,0,0004,0000,0,0,dd,0,0,0,0,0000,04d2
736,736,0,0004,0000,0,0,dd,0,0,0,0,0000,04d2
737,737,0,0004,0000,0,0,dd,0,0,0,0,0000,04d2
738,738,0,0004,0000,0,0,dd,0,0,0,0,0000,04d2
739,739,0,0004,0000,0,0,dd,0,0,0,0,0000,04d2
740,740,0,0004,0000,0,0,dd,0,0,0,0,0000,04d2
741,741,0,0004,0000,0,0,dd,0,0,0,0,0000,04d2
742,742,0,0004,0000,0,0,dd,0,0,0,0,0000,04d2
743,743,0,0004,0000,0,0,dd,0,0,0,0,0000,04d2
744,744,0,0004,0000,0,0,dd,0,0,0,0,0000,04d2
745,745,0,0004,0000,0,0,dd,0,0,0,0,0000,04d2
746,746,0,0004,0000,0,0,dd,0,0,0,0,0000,04d2
747,747,0,0004,0000,0,0,dd,0,0,0,0,0000,04d2
748,748,0,0004,0000,0,0,dd,0,0,0,0,0000,04d2
749,749,0,0004,0000,0,0,dd,0,0,0,0,0000,04d2
750,750,0,0004,0000,0,0,dd,0,0,0,0,0000,04d2
751,751,0,0004,0000,0,0,dd,0,0,0,0,0000,04d2
752,752,0,0004,0000,0,0,dd,0,0,0,0,0000,04d2
753,753,0,0004,0000,0,0,dd,0,0,0,0,0000,04d2
754,754,0,0004,0000,0,0,dd,0,0,0,0,0000,04d2
755,755,0,0004,0000,0,0,dd,0,0,0,0,0000,04d2
756,756,0,0004,0000,0,0,dd,0,0,0,0,0000,04d2
757,757,0,0004,0000,0,0,dd,0,0,0,0,0000,04d2
758,758,0,0004,0000,0,0,dd,0,0,0,0,0000,04d2
759,759,0,0004,0000,0,0,dd,0,0,0,0,0000,04d2
760,760,0,0004,0000,0,0,dd,0,0,0,0,0000,04d2
761,761,0,0004,0000,0,0,dd,0,0,0,0,0000,04d2
762,762,0,0004,0000,0,0,dd,0,0,0,0,0000,04d2
763,763,0,0004,0000,0,0,dd,0,0,0,0,0000,04d2
764,764,0,0004,0000,0,0,dd,0,0,0,0,0000,04d2
765,765,0,0004,0000,0,0,dd,0,0,0,0,0000,04d2
766,766,0,0004,0000,0,0,dd,0,0,0,0,0000,04d2
767,767,0,0004,0000,0,0,dd,0,0,0,0,0000,04d2
768,768,0,0004,0000,0,0,dd,0,0,0,0,0000,04d2
769,769,0,0004,0000,0,0,dd,0,0,0,0,0000,04d2
770,770,0,0004,0000,0,0,dd,0,0,0,0,0000,04d2
771,771,0,0004,0000,0,0,dd,0,0,0,0,0000,04d2
772,772,0,0004,0000,0,0,dd,0,0,0,0,0000,04d2
773,773,0,0004,0000,0,0,dd,0,0,0,0,0000,04d2
774,774,0,0004,0000,0,0,dd,0,0,0,0,0000,04d2
775,775,0,0004,0000,0,0,dd,0,0,0,0,0000,04d2
776,776,0,0004,0000,0,0,dd,0,0,0,0,0000,04d2
777,777,0,0004,0000,0,0,dd,0,0,0,0,0000,04d2
778,778,0,0004,0000,0,0,dd,0,0,0,0,0000,04d2
779,779,0,0004,0000,0,0,dd,0,0,0,0,0000,04d2
780,780,0,0004,0000,0,0,dd,0,0,0,0,0000,04d2
781,781,0,0004,0000,0,0,dd,0,0,0,0,0000,04d2
782,782,0,0004,0000,0,0,dd,0,0,0,0,0000,04d2
783,783,0,0004,0000,0,0,dd,0,0,0,0,0000,04d2
784,784,0,0004,0000,0,0,dd,0,0,0,0,0000,04d2
785,785,0,0004,0000,0,0,dd,0,0,0,0,0000,04d2
786,786,0,0004,0000,0,0,dd,0,0,0,0,0000,04d2
787,787,0,0004,0000,0,0,dd,0,0,0,0,0000,04d2
788,788,0,0004,0000,0,0,dd,0,0,0,0,0000,04d2
789,789,0,0004,0000,0,0,dd,0,0,0,0,0000,04d2
790,790,0,0004,0000,0,0,dd,0,0,0,0,0000,04d2
791,791,0,0004,0000,0,0,dd,0,0,0,0,0000,04d2
792,792,0,0004,0000,0,0,dd,0,0,0,0,0000,04d2
793,793,0,0004,0000,0,0,dd,0,0,0,0,0000,04d2
794,794,0,0004,0000,0,0,dd,0,0,0,0,0000,04d2
795,795,0,0004,0000,0,0,dd,0,0,0,0,0000,04d2
796,796,0,0004,0000,0,0,dd,0,0,0,0,0000,04d2
797,797,0,0004,0000,0,0,dd,0,0,0,0,0000,04d2
798,798,0,0004,0000,0,0,dd,0,0,0,0,0000,04d2
799,799,0,0004,0000,0,0,dd,0,0,0,0,0000,04d2
800,800,0,0004,0000,0,0,dd,0,0,0,0,0000,04d2
801,801,0,0004,0000,0,0,dd,0,0,0,0,0000,04d2
802,802,0,0004,0000,0,0,dd,0,0,0,0,0000,04d2
803,803,0,0004,0000,0,0,dd,0,0,0,0,0000,04d2
804,804,0,0004,0000,0,0,dd,0,0,0,0,0000,04d2
805,805,0,0004,0000,0,0,dd,0,0,0,0,0000,04d2
806,806,0,0004,0000,0,0,dd,0,0,0,0,0000,04d2
807,807,0,0004,0000,0,0,dd,0,0,0,0,0000,04d2
808,808,0,0004,0000,0,0,dd,0,0,0,0,0000,04d2
809,809,0,0004,0000,0,0,dd,0,0,0,0,0000,04d2
810,810,0,0004,0000,0,0,dd,0,0,0,0,0000,04d2
811,811,0,0004,0000,0,0,dd,0,0,0,0,0000,04d2
812,812,0,0004,0000,0,0,dd,0,0,0,0,0000,04d2
813,813,0,0004,0000,0,0,dd,0,0,0,0,0000,04d2
814,814,0,0004,0000,0,0,dd,0,0,0,0,0000,04d2
815,815,0,0004,0000,0,0,dd,0,0,0,0,0000,04d2
816,816,0,0004,0000,0,0,dd,0,0,0,0,0000,04d2
817,817,0,0004,0000,0,0,dd,0,0,0,0,0000,04d2
818,818,0,0004,0000,0,0,dd,0,0,0,0,0000,04d2
819,819,0,0004,0000,0,0,dd,0,0,0,0,0000,04d2
820,820,0,0004,0000,0,0,dd,0,0,0,0,0000,04d2
821,821,0,0004,0000,0,0,dd,0,0,0,0,0000,04d2
822,822,0,0004,0000,0,0,dd,0,0,0,0,0000,04d2
823,823,0,0004,0000,0,0,dd,0,0,0,0,0000,04d2
824,824,0,0004,0000,0,0,dd,0,0,0,0,0000,04d2
825,825,0,0004,0000,0,0,dd,0,0,0,0,0000,04d2
826,826,0,0004,0000,0,0,dd,0,0,0,0,0000,04d2
827,827,0,0004,0000,0,0,dd,0,0,0,0,0000,04d2
828,828,0,0004,0000,0,0,dd,0,0,0,0,0000,04d2
829,829,0,0004,0000,0,0,dd,0,0,0,0,0000,04d2
830,830,0,0004,0000,0,0,dd,0,0,0,0,0000,04d2
831,831,0,0004,0000,0,0,dd,0,0,0,0,0000,04d2
832,832,0,0004,0000,0,0,dd,0,0,0,0,0000,04d2
833,833,0,0004,0000,0,0,dd,0,0,0,0,0000,04d2
834,834,0,0004,0000,0,0,dd,0,0,0,0,0000,04d2
835,835,0,0004,0000,0,0,dd,0,0,0,0,0000,04d2
836,836,0,0004,0000,0,0,dd,0,0,0,0,0000,04d2
837,837,0,0004,0000,0,0,dd,0,0,0,0,0000,04d2
838,838,0,0004,0000,0,0,dd,0,0,0,0,0000,04d2
839,839,0,0004,0000,0,0,dd,0,0,0,0,0000,04d2
840,840,0,0004,0000,0,0,dd,0,0,0,0,0000,04d2
841,841,0,0004,0000,0,0,dd,0,0,0,0,0000,04d2
842,842,0,0004,0000,0,0,dd,0,0,0,0,0000,04d2
843,843,0,0004,0000,0,0,dd,0,0,0,0,0000,04d2
844,844,0,0004,0000,0,0,dd,0,0,0,0,0000,04d2
845,845,0,0004,0000,0,0,dd,0,0,0,0,0000,04d2
846,846,0,0004,0000,0,0,dd,0,0,0,0,0000,04d2
847,847,0,0004,0000,0,0,dd,0,0,0,0,0000,04d2
848,848,0,0004,0000,0,0,dd,0,0,0,0,0000,04d2
849,849,0,0004,0000,0,0,dd,0,0,0,0,0000,04d2
850,850,0,0004,0000,0,0,dd,0,0,0,0,0000,04d2
851,851,0,0004,0000,0,0,dd,0,0,0,0,0000,04d2
852,852,0,0004,0000,0,0,dd,0,0,0,0,0000,04d2
853,853,0,0004,0000,0,0,dd,0,0,0,0,0000,04d2
854,854,0,0004,0000,0,0,dd,0,0,0,0,0000,04d2
855,855,0,0004,0000,0,0,dd,0,0,0,0,0000,04d2
856,856,0,0004,0000,0,0,dd,0,0,0,0,0000,04d2
857,857,0,0004,0000,0,0,dd,0,0,0,0,0000,04d2
858,858,0,0004,0000,0,0,dd,0,0,0,0,0000,04d2
859,859,0,0004,0000,0,0,dd,0,0,0,0,0000,04d2
860,860,0,0004,0000,0,0,dd,0,0,0,0,0000,04d2
861,861,0,0004,0000,0,0,dd,0,0,0,0,0000,04d2
862,862,0,0004,0000,0,0,dd,0,0,0,0,0000,04d2
863,863,0,0004,0000,0,0,dd,0,0,0,0,0000,04d2
864,864,0,0004,0000,0,0,dd,0,0,0,0,0000,04d2
865,865,0,0004,0000,0,0,dd,0,0,0,0,0000,04d2
866,866,0,0004,0000,0,0,dd,0,0,0,0,0000,04d2
867,867,0,0004,0000,0,0,dd,0,0,0,0,0000,04d2
868,868,0,0004,0000,0,0,dd,0,0,0,0,0000,04d2
869,869,0,0004,0000,0,0,dd,0,0,0,0,0000,04d2
870,870,0,0004,0000,0,0,dd,0,0,0,0,0000,04d2
871,871,0,0004,0000,0,0,dd,0,0,0,0,0000,04d2
872,872,0,0004,0000,0,0,dd,0,0,0,0,0000,04d2
873,873,0,0004,0000,0,0,dd,0,0,0,0,0000,04d2
874,874,0,0004,0000,0,0,dd,0,0,0,0,0000,04d2
875,875,0,0004,0000,0,0,dd,0,0,0,0,0000,04d2
876,876,0,0004,0000,0,0,dd,0,0,0,0,0000,04d2
877,877,0,0004,0000,0,0,dd,0,0,0,0,0000,04d2
878,878,0,0004,0000,0,0,dd,0,0,0,0,0000,04d2
879,879,0,0004,0000,0,0,dd,0,0,0,0,0000,04d2
880,880,0,0004,0000,0,0,dd,0,0,0,0,0000,04d2
881,881,0,0004,0000,0,0,dd,0,0,0,0,0000,04d2
882,882,0,0004,0000,0,0,dd,0,0,0,0,0000,04d2
883,883,0,0004,0000,0,0,dd,0,0,0,0,0000,04d2
884,884,0,0004,0000,0,0,dd,0,0,0,0,0000,04d2
885,885,0,0004,0000,0,0,dd,0,0,0,0,0000,04d2
886,886,0,0004,0000,0,0,dd,0,0,0,0,0000,04d2
887,887,0,0004,0000,0,0,dd,0,0,0,0,0000,04d2
888,888,0,0004,0000,0,0,dd,0,0,0,0,0000,04d2
889,889,0,0004,0000,0,0,dd,0,0,0,0,0000,04d2
890,890,0,0004,0000,0,0,dd,0,0,0,0,0000,04d2
891,891,0,0004,0000,0,0,dd,0,0,0,0,0000,04d2
892,892,0,0004,0000,0,0,dd,0,0,0,0,0000,04d2
893,893,0,0004,0000,0,0,dd,0,0,0,0,0000,04d2
894,894,0,0004,0000,0,0,dd,0,0,0,0,0000,04d2
895,895,0,0004,0000,0,0,dd,0,0,0,0,0000,04d2
896,896,0,0004,0000,0,0,dd,0,0,0,0,0000,04d2
897,897,0,0004,0000,0,0,dd,0,0,0,0,0000,04d2
898,898,0,0004,0000,0,0,dd,0,0,0,0,0000,04d2
899,899,0,0004,0000,0,0,dd,0,0,0,0,0000,04d2
900,900,0,0004,0000,0,0,dd,0,0,0,0,0000,04d2
901,901,0,0004,0000,0,0,dd,0,0,0,0,0000,04d2
902,902,0,0004,0000,0,0,dd,0,0,0,0,0000,04d2
903,903,0,0004,0000,0,0,dd,0,0,0,0,0000,04d2
904,904,0,0004,0000,0,0,dd,0,0,0,0,0000,04d2
905,905,0,0004,0000,0,0,dd,0,0,0,0,0000,04d2
906,906,0,0004,0000,0,0,dd,0,0,0,0,0000,04d2
907,907,0,0004,0000,0,0,dd,0,0,0,0,0000,04d2
908,908,0,0004,0000,0,0,dd,0,0,0,0,0000,04d2
909,909,0,0004,0000,0,0,dd,0,0,0,0,0000,04d2
910,910,0,0004,0000,0,0,dd,0,0,0,0,0000,04d2
911,911,0,0004,0000,0,0,dd,0,0,0,0,0000,04d2
912,912,0,0004,0000,0,0,dd,0,0,0,0,0000,04d2
913,913,0,0004,0000,0,0,dd,0,0,0,0,0000,04d2
914,914,0,0004,0000,0,0,dd,0,0,0,0,0000,04d2
915,915,0,0004,0000,0,0,dd,0,0,0,0,0000,04d2
916,916,0,0004,0000,0,0,dd,0,0,0,0,0000,04d2
917,917,0,0004,0000,0,0,dd,0,0,0,0,0000,04d2
918,918,0,0004,0000,0,0,dd,0,0,0,0,0000,04d2
919,919,0,0004,0000,0,0,dd,0,0,0,0,0000,04d2
920,920,0,0004,0000,0,0,dd,0,0,0,0,0000,04d2
921,921,0,0004,0000,0,0,dd,0,0,0,0,0000,04d2
922,922,0,0004,0000,0,0,dd,0,0,0,0,0000,04d2
923,923,0,0004,0000,0,0,dd,0,0,0,0,0000,04d2
924,924,0,0004,0000,0,0,dd,0,0,0,0,0000,04d2
925,925,0,0004,0000,0,0,dd,0,0,0,0,0000,04d2
926,926,0,0004,0000,0,0,dd,0,0,0,0,0000,04d2
927,927,0,0004,0000,0,0,dd,0,0,0,0,0000,04d2
928,928,0,0004,0000,0,0,dd,0,0,0,0,0000,04d2
929,929,0,0004,0000,0,0,dd,0,0,0,0,0000,04d2
930,930,0,0004,0000,0,0,dd,0,0,0,0,0000,04d2
931,931,0,0004,0000,0,0,dd,0,0,0,0,0000,04d2
932,932,0,0004,0000,0,0,dd,0,0,0,0,0000,04d2
933,933,0,0004,0000,0,0,dd,0,0,0,0,0000,04d2
934,934,0,0004,0000,0,0,dd,0,0,0,0,0000,04d2
935,935,0,0004,0000,0,0,dd,0,0,0,0,0000,04d2
936,936,0,0004,0000,0,0,dd,0,0,0,0,0000,04d2
937,937,0,0004,0000,0,0,dd,0,0,0,0,0000,04d2
938,938,0,0004,0000,0,0,dd,0,0,0,0,0000,04d2
939,939,0,0004,0000,0,0,dd,0,0,0,0,0000,04d2
940,940,0,0004,0000,0,0,dd,0,0,0,0,0000,04d2
941,941,0,0004,0000,0,0,dd,0,0,0,0,0000,04d2
942,942,0,0004,0000,0,0,dd,0,0,0,0,0000,04d2
943,943,0,0004,0000,0,0,dd,0,0,0,0,0000,04d2
944,944,0,0004,0000,0,0,dd,0,0,0,0,0000,04d2
945,945,0,0004,0000,0,0,dd,0,0,0,0,0000,04d2
946,946,0,0004,0000,0,0,dd,0,0,0,0,0000,04d2
947,947,0,0004,0000,0,0,dd,0,0,0,0,0000,04d2
948,948,0,0004,0000,0,0,dd,0,0,0,0,0000,04d2
949,949,0,0004,0000,0,0,dd,0,0,0,0,0000,04d2
950,950,0,0004,0000,0,0,dd,0,0,0,0,0000,04d2
951,951,0,0004,0000,0,0,dd,0,0,0,0,0000,04d2
952,952,0,0004,0000,0,0,dd,0,0,0,0,0000,04d2
953,953,0,0004,0000,0,0,dd,0,0,0,0,0000,04d2
954,954,0,0004,0000,0,0,dd,0,0,0,0,0000,04d2
955,955,0,0004,0000,0,0,dd,0,0,0,0,0000,04d2
956,956,0,0004,0000,0,0,dd,0,0,0,0,0000,04d2
957,957,0,0004,0000,0,0,dd,0,0,0,0,0000,04d2
958,958,0,0004,0000,0,0,dd,0,0,0,0,0000,04d2
959,959,0,0004,0000,0,0,dd,0,0,0,0,0000,04d2
960,960,0,0004,0000,0,0,dd,0,0,0,0,0000,04d2
961,961,0,0004,0000,0,0,dd,0,0,0,0,0000,04d2
962,962,0,0004,0000,0,0,dd,0,0,0,0,0000,04d2
963,963,0,0004,0000,0,0,dd,0,0,0,0,0000,04d2
964,964,0,0004,0000,0,0,dd,0,0,0,0,0000,04d2
965,965,0,0004,0000,0,0,dd,0,0,0,0,0000,04d2
966,966,0,0004,0000,0,0,dd,0,0,0,0,0000,04d2
967,967,0,0004,0000,0,0,dd,0,0,0,0,0000,04d2
968,968,0,0004,0000,0,0,dd,0,0,0,0,0000,04d2
969,969,0,0004,0000,0,0,dd,0,0,0,0,0000,04d2
970,970,0,0004,0000,0,0,dd,0,0,0,0,0000,04d2
971,971,0,0004,0000,0,0,dd,0,0,0,0,0000,04d2
972,972,0,0004,0000,0,0,dd,0,0,0,0,0000,04d2
973,973,0,0004,0000,0,1,55,0,0,0,0,0000,04d2
974,974,0,0004,0000,0,1,55,0,0,0,0,0000,04d2
975,975,0,0004,0000,0,1,55,0,0,0,0,0000,04d2
976,976,0,0004,0000,0,1,55,0,0,0,0,0000,04d2
977,977,0,0004,0000,0,1,55,0,0,0,0,0000,04d2
978,978,0,0004,0000,0,1,55,0,0,0,0,0000,04d2
979,979,0,0004,0000,0,1,55,0,0,0,0,0000,04d2
980,980,0,0004,0000,0,1,d5,0,0,0,0,0000,04d2
981,981,0,0004,0000,0,1,00,0,0,0,0,0000,04d2
982,982,0,0004,0000,0,1,11,0,0,0,0,0000,04d2
983,983,0,0004,0000,0,1,22,0,0,0,0,0000,04d2
984,984,0,0004,0000,0,1,33,0,0,0,0,0000,04d2
985,985,0,0004,0000,0,1,44,0,0,0,0,0000,04d2
986,986,0,0004,0000,0,1,55,0,0,0,0,0000,04d2
987,987,0,0004,0000,0,1,08,0,0,0,0,0000,04d2
988,988,0,0004,0000,0,1,3c,0,0,0,0,0000,04d2
989,989,0,0004,0000,0,1,03,0,0,0,0,0000,04d2
990,990,0,0004,0000,0,1,a0,0,0,0,0,0000,04d2
991,991,0,0004,0000,0,1,26,0,0,0,0,0000,04d2
992,992,0,0004,0000,0,1,96,0,0,0,0,0000,04d2
993,993,0,0004,0000,0,1,08,0,0,0,0,0000,04d2
994,994,0,0004,0000,0,1,06,0,0,0,0,0000,04d2
995,995,0,0004,0000,0,1,00,0,0,0,0,0000,04d2
996,996,0,0004,0000,0,1,01,0,0,0,0,0000,04d2
997,997,0,0004,0000,0,1,08,0,0,0,0,0000,04d2
998,998,0,0004,0000,0,1,00,0,0,0,0,0000,04d2
999,999,0,0004,0000,0,1,06,0,0,0,0,0000,04d2
1000,1000,0,0004,0000,0,1,04,0,0,0,0,0000,04d2
1001,1001,0,0004,0000,0,1,00,0,0,0,0,0000,04d2
1002,1002,0,0004,0000,0,1,01,0,0,0,0,0000,04d2
1003,1003,0,0004,0000,0,1,08,0,0,0,0,0000,04d2
1004,1004,0,0004,0000,0,1,3c,0,0,0,0,0000,04d2
1005,1005,0,0004,0000,0,1,03,0,0,0,0,0000,04d2
1006,1006,0,0004,0000,0,1,a0,0,0,0,0,0000,04d2
1007,1007,0,0004,0000,0,1,26,0,0,0,0,0000,04d2
1008,1008,0,0004,0000,0,1,96,0,0,0,0,0000,04d2
1009,1009,0,0004,0000,0,1,c0,0,0,0,0,0000,04d2
1010,1010,0,0004,0000,0,1,a8,0,0,0,0,0000,04d2
1011,1011,0,0004,0000,0,1,01,0,0,0,0,0000,04d2
1012,1012,0,0004,0000,0,1,66,0,0,0,0,0000,04d2
1013,1013,0,0004,0000,0,1,00,0,0,0,0,0000,04d2
1014,1014,0,0004,0000,0,1,11,0,0,0,0,0000,04d2
1015,1015,0,0004,0000,0,1,22,0,0,0,0,0000,04d2
1016,1016,0,0004,0000,0,1,33,0,0,0,0,0000,04d2
1017,1017,0,0004,0000,0,1,44,0,0,0,0,0000,04d2
1018,1018,0,0004,0000,0,1,55,0,0,0,0,0000,04d2
1019,1019,0,0004,0000,0,1,c0,0,0,0,0,0000,04d2
1020,1020,0,0004,0000,0,1,a8,0,0,0,0,0000,04d2
1021,1021,0,0004,0000,0,1,01,0,0,0,0,0000,04d2
1022,1022,0,0004,0000,0,1,0a,0,0,0,0,0000,04d2
1023,1023,0,0004,0000,0,1,00,0,0,0,0,0000,04d2
1024,1024,1,0004,0000,0,1,00,1,0,0,0,0000,04d2
1025,1025,0,0004,0000,0,1,00,0,0,0,0,0000,04d2
1026,1026,0,0004,0000,0,1,00,0,0,0,0,0000,04d2
1027,1027,0,0004,0000,0,1,00,0,0,0,0,0000,04d2
1028,1028,0,0004,0000,0,1,00,0,0,0,0,0000,04d2
1029,1029,0,0004,0000,0,1,00,0,0,0,0,0000,04d2
1030,1030,0,0004,0000,1,1,00,0,0,0,0,0000,04d2
1031,1031,0,0004,0000,1,1,00,0,0,0,0,0000,04d2
1032,1032,0,0004,0000,1,1,00,0,0,0,0,0000,04d2
1033,1033,0,0004,0000,1,1,00,0,0,0,0,0000,04d2
1034,1034,0,0004,0000,1,1,00,0,0,0,0,0000,04d2
1035,1035,0,0004,0000,1,1,00,0,0,0,0,0000,04d2
1036,1036,0,0004,0000,1,1,00,0,0,0,0,0000,04d2
1037,1037,0,0004,0000,1,1,00,0,0,0,0,0000,04d2
1038,1038,0,0004,0000,1,1,00,0,0,0,0,0000,04d2
1039,1039,0,0004,0000,1,1,00,0,0,0,0,0000,04d2
1040,1040,0,0004,0000,1,1,00,0,0,0,0,0000,04d2
1041,1041,0,0004,0000,1,1,a6,0,0,0,0,0000,04d2
1042,1042,0,0004,0000,1,1,8c,0,0,0,0,0000,04d2
1043,1043,0,0004,0000,1,1,94,0,0,0,0,0000,04d2
1044,1044,0,0004,0000,1,1,62,0,0,0,0,0000,04d2
1045,1045,0,0004,0000,1,0,dd,0,0,0,0,0000,04d2
1046,1046,0,0004,0000,1,0,dd,0,0,0,0,0000,04d2
1047,1047,0,0004,0000,1,0,dd,0,0,0,0,0000,04d2
1048,1048,0,0004,0000,1,0,dd,0,0,0,0,0000,04d2
1049,1049,0,0004,0000,1,0,dd,0,0,0,0,0000,04d2
1050,1050,0,0004,0000,1,0,dd,0,0,0,0,0000,04d2
1051,1051,0,0004,0000,1,0,dd,0,0,0,0,0000,04d2
1052,1052,0,0004,0000,1,0,dd,0,0,0,0,0000,04d2
1053,1053,0,0004,0000,1,0,dd,0,0,0,0,0000,04d2
1054,1054,0,0004,0000,1,0,dd,0,0,0,0,0000,04d2
1055,1055,0,0004,0000,1,0,dd,0,0,0,0,0000,04d2
1056,1056,0,0004,0000,1,0,dd,0,0,0,0,0000,04d2
1057,1057,0,0004,0000,1,0,dd,0,0,0,0,0000,04d2
1058,1058,0,0004,0000,1,0,dd,0,0,0,0,0000,04d2
1059,1059,0,0004,0000,1,0,dd,0,0,0,0,0000,04d2
1060,1060,0,0004,0000,1,0,dd,0,0,0,0,0000,04d2
1061,1061,0,0004,0000,1,0,dd,0,0,0,0,0000,04d2
1062,1062,0,0004,0000,1,0,dd,0,0,0,0,0000,04d2
1063,1063,0,0004,0000,1,0,dd,0,0,0,0,0000,04d2
1064,1064,0,0004,0000,1,0,dd,0,0,0,0,0000,04d2
1065,1065,0,0004,0000,1,0,dd,0,0,0,0,0000,04d2
1066,1066,0,0004,0000,1,0,dd,0,0,0,0,0000,04d2
1067,1067,0,0004,0000,1,0,dd,0,0,0,0,0000,04d2
1068,1068,0,0004,0000,1,0,dd,0,0,0,0,0000,04d2
1069,1069,0,0004,0000,1,0,dd,0,0,0,0,0000,04d2
1070,1070,0,0004,0000,1,0,dd,0,0,0,0,0000,04d2
1071,1071,0,0004,0000,1,0,dd,0,0,0,0,0000,04d2
1072,1072,0,0004,0000,1,0,dd,0,0,0,0,0000,04d2
1073,1073,0,0004,0000,1,0,dd,0,0,0,0,0000,04d2
1074,1074,0,0004,0000,1,0,dd,0,0,0,0,0000,04d2
1075,1075,0,0004,0000,1,0,dd,0,0,0,0,0000,04d2
1076,1076,0,0004,0000,1,0,dd,0,0,0,0,0000,04d2
1077,1077,0,0004,0000,1,0,dd,0,0,0,0,0000,04d2
1078,1078,0,0004,0000,1,0,dd,0,0,0,0,0000,04d2
1079,1079,0,0004,0000,1,0,dd,0,0,0,0,0000,04d2
1080,1080,0,0004,0000,1,0,dd,0,0,0,0,0000,04d2
1081,1081,0,0004,0000,1,0,dd,0,0,0,0,0000,04d2
1082,1082,0,0004,0000,1,0,dd,0,0,0,0,0000,04d2
1083,1083,0,0004,0000,1,0,dd,0,0,0,0,0000,04d2
1084,1084,0,0004,0000,1,0,dd,0,0,0,0,0000,04d2
1085,1085,0,0004,0000,1,0,dd,0,0,0,0,0000,04d2
1086,1086,0,0004,0000,1,0,dd,0,0,0,0,0000,04d2
1087,1087,0,0004,0000,1,0,dd,0,0,0,0,0000,04d2
1088,1088,0,0004,0000,1,0,dd,0,0,0,0,0000,04d2
1089,1089,0,0004,0000,1,0,dd,0,0,0,0,0000,04d2
1090,1090,0,0004,0000,1,0,dd,0,0,0,0,0000,04d2
1091,1091,0,0004,0000,1,0,dd,0,0,0,0,0000,04d2
1092,1092,0,0004,0000,1,0,dd,0,0,0,0,0000,04d2
1093,1093,0,0004,0000,1,0,dd,0,0,0,0,0000,04d2
1094,1094,0,0004,0000,1,0,dd,0,0,0,0,0000,04d2
1095,1095,0,0004,0000,1,0,dd,0,0,0,0,0000,04d2
1096,1096,0,0004,0000,1,0,dd,0,0,0,0,0000,04d2
1097,1097,0,0004,0000,1,0,dd,0,0,0,0,0000,04d2
1098,1098,0,0004,0000,1,0,dd,0,0,0,0,0000,04d2
1099,1099,0,0004,0000,1,0,dd,0,0,0,0,0000,04d2
1100,1100,0,0004,0000,1,0,dd,0,0,0,0,0000,04d2
1101,1101,0,0004,0000,1,0,dd,0,0,0,0,0000,04d2
1102,1102,0,0004,0000,0,0,dd,0,0,0,0,0000,04d2
1103,1103,0,0005,0000,0,0,dd,0,0,0,0,0000,04d2
1104,1104,0,0005,0000,0,0,dd,0,0,0,0,0000,04d2
1105,1105,0,0005,0000,0,0,dd,0,0,0,0,0000,04d2
1106,1106,0,0005,0000,0,0,dd,0,0,0,0,0000,04d2
1107,1107,0,0005,0000,0,0,dd,0,0,0,0,0000,04d2
1108,1108,0,0005,0000,0,0,dd,0,0,0,0,0000,04d2
1109,1109,0,0005,0000,0,0,dd,0,0,0,0,0000,04d2
1110,1110,0,0005,0000,0,0,dd,0,0,0,0,0000,04d2
1111,1111,0,0005,0000,0,0,dd,0,0,0,0,0000,04d2
1112,1112,0,0005,0000,0,0,dd,0,0,0,0,0000,04d2
1113,1113,0,0005,0000,0,0,dd,0,0,0,0,0000,04d2
1114,1114,0,0005,0000,0,0,dd,0,0,0,0,0000,04d2
1115,1115,0,0005,0000,0,0,dd,0,0,0,0,0000,04d2
1116,1116,0,0005,0000,0,0,dd,0,0,0,0,0000,04d2
1117,1117,0,0005,0000,0,0,dd,0,0,0,0,0000,04d2
1118,1118,0,0005,0000,0,0,dd,0,0,0,0,0000,04d2
1119,1119,0,0005,0000,0,0,dd,0,0,0,0,0000,04d2
1120,1120,0,0005,0000,0,0,dd,0,0,0,0,0000,04d2
1121,1121,0,0005,0000,0,0,dd,0,0,0,0,0000,04d2
1122,1122,0,0005,0000,0,0,dd,0,0,0,0,0000,04d2
1123,1123,0,0005,0000,0,0,dd,0,0,0,0,0000,04d2
1124,1124,0,0005,0000,0,0,dd,0,0,0,0,0000,04d2
1125,1125,0,0005,0000,0,0,dd,0,0,0,0,0000,04d2
1126,1126,0,0005,0000,0,0,dd,0,0,0,0,0000,04d2
1127,1127,0,0005,0000,0,0,dd,0,0,0,0,0000,04d2
1128,1128,0,0005,0000,0,0,dd,0,0,0,0,0000,04d2
1129,1129,0,0005,0000,0,0,dd,0,0,0,0,0000,04d2
1130,1130,0,0005,0000,0,0,dd,0,0,0,0,0000,04d2
1131,1131,0,0005,0000,0,0,dd,0,0,0,0,0000,04d2
1132,1132,0,0005,0000,0,0,dd,0,0,0,0,0000,04d2
1133,1133,0,0005,0000,0,0,dd,0,0,0,0,0000,04d2
1134,1134,0,0005,0000,0,0,dd,0,0,0,0,0000,04d2
1135,1135,0,0005,0000,0,0,dd,0,0,0,0,0000,04d2
1136,1136,0,0005,0000,0,0,dd,0,0,0,0,0000,04d2
1137,1137,0,0005,0000,0,0,dd,0,0,0,0,0000,04d2
1138,1138,0,0005,0000,0,0,dd,0,0,0,0,0000,04d2
1139,1139,0,0005,0000,0,0,dd,0,0,0,0,0000,04d2
1140,1140,0,0005,0000,0,0,dd,0,0,0,0,0000,04d2
1141,1141,0,0005,0000,0,0,dd,0,0,0,0,0000,04d2
1142,1142,0,0005,0000,0,0,dd,0,0,0,0,0000,04d2
1143,1143,0,0005,0000,0,0,dd,0,0,0,0,0000,04d2
1144,1144,0,0005,0000,0,0,dd,0,0,0,0,0000,04d2
1145,1145,0,0005,0000,0,0,dd,0,0,0,0,0000,04d2
1146,1146,0,0005,0000,0,0,dd,0,0,0,0,0000,04d2
1147,1147,0,0005,0000,0,0,dd,0,0,0,0,0000,04d2
1148,1148,0,0005,0000,0,0,dd,0,0,0,0,0000,04d2
1149,1149,0,0005,0000,0,0,dd,0,0,0,0,0000,04d2
1150,1150,0,0005,0000,0,0,dd,0,0,0,0,0000,04d2
1151,1151,0,0005,0000,0,0,dd,0,0,0,0,0000,04d2
1152,1152,0,0005,0000,0,0,dd,0,0,0,0,0000,04d2
1153,1153,0,0005,0000,0,0,dd,0,0,0,0,0000,04d2
1154,1154,0,0005,0000,0,0,dd,0,0,0,0,0000,04d2
1155,1155,0,0005,0000,0,0,dd,0,0,0,0,0000,04d2
1156,1156,0,0005,0000,0,0,dd,0,0,0,0,0000,04d2
1157,1157,0,0005,0000,0,0,dd,0,0,0,0,0000,04d2
1158,1158,0,0005,0000,0,0,dd,0,0,0,0,0000,04d2
1159,1159,0,0005,0000,0,0,dd,0,0,0,0,0000,04d2
1160,1160,0,0005,0000,0,0,dd,0,0,0,0,0000,04d2
1161,1161,0,0005,0000,0,0,dd,0,0,0,0,0000,04d2
1162,1162,0,0005,0000,0,0,dd,0,0,0,0,0000,04d2
1163,1163,0,0005,0000,0,0,dd,0,0,0,0,0000,04d2
1164,1164,0,0005,0000,0,0,dd,0,0,0,0,0000,04d2
1165,1165,0,0005,0000,0,0,dd,0,0,0,0,0000,04d2
1166,1166,0,0005,0000,0,0,dd,0,0,0,0,0000,04d2
1167,1167,0,0005,0000,0,0,dd,0,0,0,0,0000,04d2
1168,1168,0,0005,0000,0,0,dd,0,0,0,0,0000,04d2
1169,1169,0,0005,0000,0,0,dd,0,0,0,0,0000,04d2
1170,1170,0,0005,0000,0,0,dd,0,0,0,0,0000,04d2
1171,1171,0,0005,0000,0,0,dd,0,0,0,0,0000,04d2
1172,1172,0,0005,0000,0,0,dd,0,0,0,0,0000,04d2
1173,1173,0,0005,0000,0,0,dd,0,0,0,0,0000,04d2
1174,1174,0,0005,0000,0,0,dd,0,0,0,0,0000,04d2
1175,1175,0,0005,0000,0,0,dd,0,0,0,0,0000,04d2
1176,1176,0,0005,0000,0,0,dd,0,0,0,0,0000,04d2
1177,1177,0,0005,0000,0,0,dd,0,0,0,0,0000,04d2
1178,1178,0,0005,0000,0,0,dd,0,0,0,0,0000,04d2
1179,1179,0,0005,0000,0,0,dd,0,0,0,0,0000,04d2
1180,1180,0,0005,0000,0,0,dd,0,0,0,0,0000,04d2
1181,1181,0,0005,0000,0,0,dd,0,0,0,0,0000,04d2
1182,1182,0,0005,0000,0,0,dd,0,0,0,0,0000,04d2
1183,1183,0,0005,0000,0,0,dd,0,0,0,0,0000,04d2
1184,1184,0,0005,0000,0,0,dd,0,0,0,0,0000,04d2
1185,1185,0,0005,0000,0,0,dd,0,0,0,0,0000,04d2
1186,1186,0,0005,0000,0,0,dd,0,0,0,0,0000,04d2
1187,1187,0,0005,0000,0,0,dd,0,0,0,0,0000,04d2
1188,1188,0,0005,0000,0,0,dd,0,0,0,0,0000,04d2
1189,1189,0,0005,0000,0,0,dd,0,0,0,0,0000,04d2
1190,1190,0,0005,0000,0,0,dd,0,0,0,0,0000,04d2
1191,1191,0,0005,0000,0,0,dd,0,0,0,0,0000,04d2
1192,1192,0,0005,0000,0,0,dd,0,0,0,0,0000,04d2
1193,1193,0,0005,0000,0,0,dd,0,0,0,0,0000,04d2
1194,1194,0,0005,0000,0,0,dd,0,0,0,0,0000,04d2
1195,1195,0,0005,0000,0,0,dd,0,0,0,0,0000,04d2
1196,1196,0,0005,0000,0,0,dd,0,0,0,0,0000,04d2
1197,1197,0,0005,0000,0,0,dd,0,0,0,0,0000,04d2
1198,1198,0,0005,0000,0,0,dd,0,0,0,0,0000,04d2
1199,1199,0,0005,0000,0,0,dd,0,0,0,0,0000,04d2
1200,1200,0,0005,0000,0,0,dd,0,0,0,0,0000,04d2
1201,1201,0,0005,0000,0,0,dd,0,0,0,0,0000,04d2
1202,1202,0,0005,0000,0,0,dd,0,0,0,0,0000,04d2
1203,1203,0,0005,0000,0,0,dd,0,0,0,0,0000,04d2
1204,1204,0,0005,0000,0,0,dd,0,0,0,0,0000,04d2
1205,1205,0,0005,0000,0,0,dd,0,0,0,0,0000,04d2
1206,1206,0,0005,0000,0,0,dd,0,0,0,0,0000,04d2
1207,1207,0,0005,0000,0,0,dd,0,0,0,0,0000,04d2
1208,1208,0,0005,0000,0,0,dd,0,0,0,0,0000,04d2
1209,1209,0,0005,0000,0,0,dd,0,0,0,0,0000,04d2
1210,1210,0,0005,0000,0,0,dd,0,0,0,0,0000,04d2
1211,1211,0,0005,0000,0,0,dd,0,0,0,0,0000,04d2
1212,1212,0,0005,0000,0,0,dd,0,0,0,0,0000,04d2
1213,1213,0,0005,0000,0,0,dd,0,0,0,0,0000,04d2
1214,1214,0,0005,0000,0,0,dd,0,0,0,0,0000,04d2
1215,1215,0,0005,0000,0,0,dd,0,0,0,0,0000,04d2
1216,1216,0,0005,0000,0,0,dd,0,0,0,0,0000,04d2
1217,1217,0,0005,0000,0,0,dd,0,0,0,0,0000,04d2
1218,1218,0,0005,0000,0,0,dd,0,0,0,0,0000,04d2
1219,1219,0,0005,0000,0,0,dd,0,0,0,0,0000,04d2
1220,1220,0,0005,0000,0,0,dd,0,0,0,0,0000,04d2
1221,1221,0,0005,0000,0,0,dd,0,0,0,0,0000,04d2
1222,1222,0,0005,0000,0,0,dd,0,0,0,0,0000,04d2
1223,1223,0,0005,0000,0,0,dd,0,0,0,0,0000,04d2
1224,1224,0,0005,0000,0,0,dd,0,0,0,0,0000,04d2
1225,1225,0,0005,0000,0,0,dd,0,0,0,0,0000,04d2
1226,1226,0,0005,0000,0,0,dd,0,0,0,0,0000,04d2
1227,1227,0,0005,0000,0,0,dd,0,0,0,0,0000,04d2
1228,1228,0,0005,0000,0,0,dd,0,0,0,0,0000,04d2
1229,1229,0,0005,0000,0,0,dd,0,0,0,0,0000,04d2
1230,1230,0,0005,0000,0,0,dd,0,0,0,0,0000,04d2
1231,1231,0,0005,0000,0,0,dd,0,0,0,0,0000,04d2
1232,1232,0,0005,0000,0,0,dd,0,0,0,0,0000,04d2
1233,1233,0,0005,0000,0,0,dd,0,0,0,0,0000,04d2
1234,1234,0,0005,0000,0,0,dd,0,0,0,0,0000,04d2
1235,1235,0,0005,0000,0,0,dd,0,0,0,0,0000,04d2
1236,1236,0,0005,0000,0,0,dd,0,0,0,0,0000,04d2
1237,1237,0,0005,0000,0,0,dd,0,0,0,0,0000,04d2
1238,1238,0,0005,0000,0,0,dd,0,0,0,0,0000,04d2
1239,1239,0,0005,0000,0,0,dd,0,0,0,0,0000,04d2
1240,1240,0,0005,0000,0,0,dd,0,0,0,0,0000,04d2
1241,1241,0,0005,0000,0,0,dd,0,0,0,0,0000,04d2
1242,1242,0,0005,0000,0,0,dd,0,0,0,0,0000,04d2
1243,1243,0,0005,0000,0,0,dd,0,0,0,0,0000,04d2
1244,1244,0,0005,0000,0,0,dd,0,0,0,0,0000,04d2
1245,1245,0,0005,0000,0,0,dd,0,0,0,0,0000,04d2
1246,1246,0,0005,0000,0,0,dd,0,0,0,0,0000,04d2
1247,1247,0,0005,0000,0,0,dd,0,0,0,0,0000,04d2
1248,1248,0,0005,0000,0,0,dd,0,0,0,0,0000,04d2
1249,1249,0,0005,0000,0,0,dd,0,0,0,0,0000,04d2
1250,1250,0,0005,0000,0,0,dd,0,0,0,0,0000,04d2
1251,1251,0,0005,0000,0,0,dd,0,0,0,0,0000,04d2
1252,1252,0,0005,0000,0,0,dd,0,0,0,0,0000,04d2
1253,1253,0,0005,0000,0,0,dd,0,0,0,0,0000,04d2
1254,1254,0,0005,0000,0,0,dd,0,0,0,0,0000,04d2
1255,1255,0,0005,0000,0,0,dd,0,0,0,0,0000,04d2
1256,1256,0,0005,0000,0,0,dd,0,0,0,0,0000,04d2
1257,1257,0,0005,0000,0,0,dd,0,0,0,0,0000,04d2
1258,1258,0,0005,0000,0,0,dd,0,0,0,0,0000,04d2
1259,1259,0,0005,0000,0,0,dd,0,0,0,0,0000,04d2
1260,1260,0,0005,0000,0,0,dd,0,0,0,0,0000,04d2
1261,1261,0,0005,0000,0,0,dd,0,0,0,0,0000,04d2
1262,1262,0,0005,0000,0,0,dd,0,0,0,0,0000,04d2
1263,1263,0,0005,0000,0,0,dd,0,0,0,0,0000,04d2
1264,1264,0,0005,0000,0,0,dd,0,0,0,0,0000,04d2
1265,1265,0,0005,0000,0,0,dd,0,0,0,0,0000,04d2
1266,1266,0,0005,0000,0,0,dd,0,0,0,0,0000,04d2
1267,1267,0,0005,0000,0,0,dd,0,0,0,0,0000,04d2
1268,1268,0,0005,0000,0,0,dd,0,0,0,0,0000,04d2
1269,1269,0,0005,0000,0,0,dd,0,0,0,0,0000,04d2
1270,1270,0,0005,0000,0,0,dd,0,0,0,0,0000,04d2
1271,1271,0,0005,0000,0,0,dd,0,0,0,0,0000,04d2
1272,1272,0,0005,0000,0,0,dd,0,0,0,0,0000,04d2
1273,1273,0,0005,0000,0,0,dd,0,0,0,0,0000,04d2
1274,1274,0,0005,0000,0,0,dd,0,0,0,0,0000,04d2
1275,1275,0,0005,0000,0,0,dd,0,0,0,0,0000,04d2
1276,1276,0,0005,0000,0,0,dd,0,0,0,0,0000,04d2
1277,1277,0,0005,0000,0,0,dd,0,0,0,0,0000,04d2
1278,1278,0,0005,0000,0,0,dd,0,0,0,0,0000,04d2
1279,1279,0,0005,0000,0,0,dd,0,0,0,0,0000,04d2
1280,1280,0,0005,0000,0,0,dd,0,0,0,0,0000,04d2
1281,1281,0,0005,0000,0,0,dd,0,0,0,0,0000,04d2
1282,1282,0,0005,0000,0,0,dd,0,0,0,0,0000,04d2
1283,1283,0,0005,0000,0,0,dd,0,0,0,0,0000,04d2
1284,1284,0,0005,0000,0,0,dd,0,0,0,0,0000,04d2
1285,1285,0,0005,0000,0,0,dd,0,0,0,0,0000,04d2
1286,1286,0,0005,0000,0,0,dd,0,0,0,0,0000,04d2
1287,1287,0,0005,0000,0,0,dd,0,0,0,0,0000,04d2
1288,1288,0,0005,0000,0,0,dd,0,0,0,0,0000,04d2
1289,1289,0,0005,0000,0,0,dd,0,0,0,0,0000,04d2
1290,1290,0,0005,0000,0,0,dd,0,0,0,0,0000,04d2
1291,1291,0,0005,0000,0,0,dd,0,0,0,0,0000,04d2
1292,1292,0,0005,0000,0,0,dd,0,0,0,0,0000,04d2
1293,1293,0,0005,0000,0,0,dd,0,0,0,0,0000,04d2
1294,1294,0,0005,0000,0,0,dd,0,0,0,0,0000,04d2
1295,1295,0,0005,0000,0,0,dd,0,0,0,0,0000,04d2
1296,1296,0,0005,0000,0,0,dd,0,0,0,0,0000,04d2
1297,1297,0,0005,0000,0,0,dd,0,0,0,0,0000,04d2
1298,1298,0,0005,0000,0,0,dd,0,0,0,0,0000,04d2
1299,1299,0,0005,0000,0,0,dd,0,0,0,0,0000,04d2
1300,1300,0,0005,0000,0,0,dd,0,0,0,0,0000,04d2
1301,1301,0,0005,0000,0,0,dd,0,0,0,0,0000,04d2
1302,1302,0,0005,0000,0,0,dd,0,0,0,0,0000,04d2
1303,1303,0,0005,0000,0,0,dd,0,0,0,0,0000,04d2
1304,1304,0,0005,0000,0,0,dd,0,0,0,0,0000,04d2
1305,1305,0,0005,0000,0,0,dd,0,0,0,0,0000,04d2
1306,1306,0,0005,0000,0,0,dd,0,0,0,0,0000,04d2
1307,1307,0,0005,0000,0,0,dd,0,0,0,0,0000,04d2
1308,1308,0,0005,0000,0,0,dd,0,0,0,0,0000,04d2
1309,1309,0,0005,0000,0,0,dd,0,0,0,0,0000,04d2
1310,1310,0,0005,0000,0,0,dd,0,0,0,0,0000,04d2
1311,1311,0,0005,0000,0,0,dd,0,0,0,0,0000,04d2
1312,1312,0,0005,0000,0,0,dd,0,0,0,0,0000,04d2
1313,1313,0,0005,0000,0,0,dd,0,0,0,0,0000,04d2
1314,1314,0,0005,0000,0,0,dd,0,0,0,0,0000,04d2
1315,1315,0,0005,0000,0,0,dd,0,0,0,0,0000,04d2
1316,1316,0,0005,0000,0,0,dd,0,0,0,0,0000,04d2
1317,1317,0,0005,0000,0,0,dd,0,0,0,0,0000,04d2
1318,1318,0,0005,0000,0,0,dd,0,0,0,0,0000,04d2
1319,1319,0,0005,0000,0,0,dd,0,0,0,0,0000,04d2
1320,1320,0,0005,0000,0,0,dd,0,0,0,0,0000,04d2
1321,1321,0,0005,0000,0,0,dd,0,0,0,0,0000,04d2
1322,1322,0,0005,0000,0,0,dd,0,0,0,0,0000,04d2
1323,1323,0,0005,0000,0,0,dd,0,0,0,0,0000,04d2
1324,1324,0,0005,0000,0,0,dd,0,0,0,0,0000,04d2
1325,1325,0,0005,0000,0,0,dd,0,0,0,0,0000,04d2
1326,1326,0,0005,0000,0,0,dd,0,0,0,0,0000,04d2
1327,1327,0,0005,0000,0,0,dd,0,0,0,0,0000,04d2
1328,1328,0,0005,0000,0,0,dd,0,0,0,0,0000,04d2
1329,1329,0,0005,0000,0,0,dd,0,0,0,0,0000,04d2
1330,1330,0,0005,0000,0,0,dd,0,0,0,0,0000,04d2
1331,1331,0,0005,0000,0,0,dd,0,0,0,0,0000,04d2
1332,1332,0,0005,0000,0,0,dd,0,0,0,0,0000,04d2
1333,1333,0,0005,0000,0,0,dd,0,0,0,0,0000,04d2
1334,1334,0,0005,0000,0,0,dd,0,0,0,0,0000,04d2
1335,1335,0,0005,0000,0,0,dd,0,0,0,0,0000,04d2
1336,1336,0,0005,0000,0,0,dd,0,0,0,0,0000,04d2
1337,1337,0,0005,0000,0,0,dd,0,0,0,0,0000,04d2
1338,1338,0,0005,0000,0,0,dd,0,0,0,0,0000,04d2
1339,1339,0,0005,0000,0,0,dd,0,0,0,0,0000,04d2
1340,1340,0,0005,0000,0,0,dd,0,0,0,0,0000,04d2
1341,1341,0,0005,0000,0,0,dd,0,0,0,0,0000,04d2
1342,1342,0,0005,0000,0,0,dd,0,0,0,0,0000,04d2
1343,1343,0,0005,0000,0,0,dd,0,0,0,0,0000,04d2
1344,1344,0,0005,0000,0,0,dd,0,0,0,0,0000,04d2
1345,1345,0,0005,0000,0,0,dd,0,0,0,0,0000,04d2
1346,1346,0,0005,0000,0,0,dd,0,0,0,0,0000,04d2
1347,1347,0,0005,0000,0,0,dd,0,0,0,0,0000,04d2
1348,1348,0,0005,0000,0,0,dd,0,0,0,0,0000,04d2
1349,1349,0,0005,0000,0,0,dd,0,0,0,0,0000,04d2
1350,1350,0,0005,0000,0,0,dd,0,0,0,0,0000,04d2
1351,1351,0,0005,0000,0,0,dd,0,0,0,0,0000,04d2
1352,1352,0,0005,0000,0,0,dd,0,0,0,0,0000,04d2
1353,1353,0,0005,0000,0,0,dd,0,0,0,0,0000,04d2
1354,1354,0,0005,0000,0,0,dd,0,0,0,0,0000,04d2
1355,1355,0,0005,0000,0,0,dd,0,0,0,0,0000,04d2
1356,1356,0,0005,0000,0,0,dd,0,0,0,0,0000,04d2
1357,1357,0,0005,0000,0,0,dd,0,0,0,0,0000,04d2
1358,1358,0,0005,0000,0,0,dd,0,0,0,0,0000,04d2
1359,1359,0,0005,0000,0,0,dd,0,0,0,0,0000,04d2
1360,1360,0,0005,0000,0,0,dd,0,0,0,0,0000,04d2
1361,1361,0,0005,0000,0,0,dd,0,0,0,0,0000,04d2
1362,1362,0,0005,0000,0,0,dd,0,0,0,0,0000,04d2
1363,1363,0,0005,0000,0,0,dd,0,0,0,0,0000,04d2
1364,1364,0,0005,0000,0,0,dd,0,0,0,0,0000,04d2
1365,1365,0,0005,0000,0,0,dd,0,0,0,0,0000,04d2
1366,1366,0,0005,0000,0,0,dd,0,0,0,0,0000,04d2
1367,1367,0,0005,0000,0,0,dd,0,0,0,0,0000,04d2
1368,1368,0,0005,0000,0,0,dd,0,0,0,0,0000,04d2
1369,1369,0,0005,0000,0,0,dd,0,0,0,0,0000,04d2
1370,1370,0,0005,0000,0,0,dd,0,0,0,0,0000,04d2
1371,1371,0,0005,0000,0,0,dd,0,0,0,0,0000,04d2
1372,1372,0,0005,0000,0,0,dd,0,0,0,0,0000,04d2
1373,1373,0,0005,0000,0,0,dd,0,0,0,0,0000,04d2
1374,1374,0,0005,0000,0,0,dd,0,0,0,0,0000,04d2
1375,1375,0,0005,0000,0,0,dd,0,0,0,0,0000,04d2
1376,1376,0,0005,0000,0,0,dd,0,0,0,0,0000,04d2
1377,1377,0,0005,0000,0,0,dd,0,0,0,0,0000,04d2
1378,1378,0,0005,0000,0,0,dd,0,0,0,0,0000,04d2
1379,1379,0,0005,0000,0,0,dd,0,0,0,0,0000,04d2
1380,1380,0,0005,0000,0,0,dd,0,0,0,0,0000,04d2
1381,1381,0,0005,0000,0,0,dd,0,0,0,0,0000,04d2
1382,1382,0,0005,0000,0,0,dd,0,0,0,0,0000,04d2
1383,1383,0,0005,0000,0,0,dd,0,0,0,0,0000,04d2
1384,1384,0,0005,0000,0,0,dd,0,0,0,0,0000,04d2
1385,1385,0,0005,0000,0,0,dd,0,0,0,0,0000,04d2
1386,1386,0,0005,0000,0,0,dd,0,0,0,0,0000,04d2
1387,1387,0,0005,0000,0,0,dd,0,0,0,0,0000,04d2
1388,1388,0,0005,0000,0,0,dd,0,0,0,0,0000,04d2
1389,1389,0,0005,0000,0,0,dd,0,0,0,0,0000,04d2
1390,1390,0,0005,0000,0,0,dd,0,0,0,0,0000,04d2
1391,1391,0,0005,0000,0,0,dd,0,0,0,0,0000,04d2
1392,1392,0,0005,0000,0,0,dd,0,0,0,0,0000,04d2
1393,1393,0,0005,0000,0,0,dd,0,0,0,0,0000,04d2
1394,1394,0,0005,0000,0,0,dd,0,0,0,0,0000,04d2
1395,1395,0,0005,0000,0,0,dd,0,0,0,0,0000,04d2
1396,1396,0,0005,0000,0,0,dd,0,0,0,0,0000,04d2
1397,1397,0,0005,0000,0,0,dd,0,0,0,0,0000,04d2
1398,1398,0,0005,0000,0,0,dd,0,0,0,0,0000,04d2
1399,1399,0,0005,0000,0,0,dd,0,0,0,0,0000,04d2
1400,1400,0,0005,0000,0,0,dd,0,0,0,0,0000,04d2
1401,1401,0,0005,0000,0,0,dd,0,0,0,0,0000,04d2
1402,1402,0,0005,0000,0,0,dd,0,0,0,0,0000,04d2
1403,1403,0,0005,0000,0,0,dd,0,0,0,0,0000,04d2
1404,1404,0,0005,0000,0,0,dd,0,0,0,0,0000,04d2
1405,1405,0,0005,0000,0,0,dd,0,0,0,0,0000,04d2
1406,1406,0,0005,0000,0,0,dd,0,0,0,0,0000,04d2
1407,1407,0,0005,0000,0,0,dd,0,0,0,0,0000,04d2
1408,1408,0,0005,0000,0,0,dd,0,0,0,0,0000,04d2
1409,1409,0,0005,0000,0,0,dd,0,0,0,0,0000,04d2
1410,1410,0,0005,0000,0,0,dd,0,0,0,0,0000,04d2
1411,1411,0,0005,0000,0,0,dd,0,0,0,0,0000,04d2
1412,1412,0,0005,0000,0,0,dd,0,0,0,0,0000,04d2
1413,1413,0,0005,0000,0,0,dd,0,0,0,0,0000,04d2
1414,1414,0,0005,0000,0,0,dd,0,0,0,0,0000,04d2
1415,1415,0,0005,0000,0,0,dd,0,0,0,0,0000,04d2
1416,1416,0,0005,0000,0,0,dd,0,0,0,0,0000,04d2
1417,1417,0,0005,0000,0,0,dd,0,0,0,0,0000,04d2
1418,1418,0,0005,0000,0,0,dd,0,0,0,0,0000,04d2
1419,1419,0,0005,0000,0,0,dd,0,0,0,0,0000,04d2
1420,1420,0,0005,0000,0,0,dd,0,0,0,0,0000,04d2
1421,1421,0,0005,0000,0,0,dd,0,0,0,0,0000,04d2
1422,1422,0,0005,0000,0,0,dd,0,0,0,0,0000,04d2
1423,1423,0,0005,0000,0,0,dd,0,0,0,0,0000,04d2
1424,1424,0,0005,0000,0,0,dd,0,0,0,0,0000,04d2
1425,1425,0,0005,0000,0,0,dd,0,0,0,0,0000,04d2
1426,1426,0,0005,0000,0,0,dd,0,0,0,0,0000,04d2
1427,1427,0,0005,0000,0,0,dd,0,0,0,0,0000,04d2
1428,1428,0,0005,0000,0,0,dd,0,0,0,0,0000,04d2
1429,1429,0,0005,0000,0,0,dd,0,0,0,0,0000,04d2
1430,1430,0,0005,0000,0,0,dd,0,0,0,0,0000,04d2
1431,1431,0,0005,0000,0,0,dd,0,0,0,0,0000,04d2
1432,1432,0,0005,0000,0,0,dd,0,0,0,0,0000,04d2
1433,1433,0,0005,0000,0,0,dd,0,0,0,0,0000,04d2
1434,1434,0,0005,0000,0,0,dd,0,0,0,0,0000,04d2
1435,1435,0,0005,0000,0,0,dd,0,0,0,0,0000,04d2
1436,1436,0,0005,0000,0,0,dd,0,0,0,0,0000,04d2
1437,1437,0,0005,0000,0,0,dd,0,0,0,0,0000,04d2
1438,1438,0,0005,0000,0,0,dd,0,0,0,0,0000,04d2
1439,1439,0,0005,0000,0,0,dd,0,0,0,0,0000,04d2
1440,1440,0,0005,0000,0,0,dd,0,0,0,0,0000,04d2
1441,1441,0,0005,0000,0,0,dd,0,0,0,0,0000,04d2
1442,1442,0,0005,0000,0,0,dd,0,0,0,0,0000,04d2
1443,1443,0,0005,0000,0,0,dd,0,0,0,0,0000,04d2
1444,1444,0,0005,0000,0,0,dd,0,0,0,0,0000,04d2
1445,1445,0,0005,0000,0,0,dd,0,0,0,0,0000,04d2
1446,1446,0,0005,0000,0,0,dd,0,0,0,0,0000,04d2
1447,1447,0,0005,0000,0,0,dd,0,0,0,0,0000,04d2
1448,1448,0,0005,0000,0,0,dd,0,0,0,0,0000,04d2
1449,1449,0,0005,0000,0,0,dd,0,0,0,0,0000,04d2
1450,1450,0,0005,0000,0,0,dd,0,0,0,0,0000,04d2
1451,1451,0,0005,0000,0,0,dd,0,0,0,0,0000,04d2
1452,1452,0,0005,0000,0,0,dd,0,0,0,0,0000,04d2
1453,1453,0,0005,0000,0,0,dd,0,0,0,0,0000,04d2
1454,1454,0,0005,0000,0,0,dd,0,0,0,0,0000,04d2
1455,1455,0,0005,0000,0,0,dd,0,0,0,0,0000,04d2
1456,1456,0,0005,0000,0,0,dd,0,0,0,0,0000,04d2
1457,1457,0,0005,0000,0,0,dd,0,0,0,0,0000,04d2
1458,1458,0,0005,0000,0,0,dd,0,0,0,0,0000,04d2
1459,1459,0,0005,0000,0,0,dd,0,0,0,0,0000,04d2
1460,1460,0,0005,0000,0,0,dd,0,0,0,0,0000,04d2
1461,1461,0,0005,0000,0,0,dd,0,0,0,0,0000,04d2
1462,1462,0,0005,0000,0,0,dd,0,0,0,0,0000,04d2
1463,1463,0,0005,0000,0,0,dd,0,0,0,0,0000,04d2
1464,1464,0,0005,0000,0,0,dd,0,0,0,0,0000,04d2
1465,1465,0,0005,0000,0,0,dd,0,0,0,0,0000,04d2
1466,1466,0,0005,0000,0,0,dd,0,0,0,0,0000,04d2
1467,1467,0,0005,0000,0,0,dd,0,0,0,0,0000,04d2
1468,1468,0,0005,0000,0,0,dd,0,0,0,0,0000,04d2
1469,1469,0,0005,0000,0,0,dd,0,0,0,0,0000,04d2
1470,1470,0,0005,0000,0,0,dd,0,0,0,0,0000,04d2
1471,1471,0,0005,0000,0,0,dd,0,0,0,0,0000,04d2
1472,1472,0,0005,0000,0,0,dd,0,0,0,0,0000,04d2
1473,1473,0,0005,0000,0,0,dd,0,0,0,0,0000,04d2
1474,1474,0,0005,0000,0,0,dd,0,0,0,0,0000,04d2
1475,1475,0,0005,0000,0,0,dd,0,0,0,0,0000,04d2
1476,1476,0,0005,0000,0,0,dd,0,0,0,0,0000,04d2
1477,1477,0,0005,0000,0,0,dd,0,0,0,0,0000,04d2
1478,1478,0,0005,0000,0,0,dd,0,0,0,0,0000,04d2
1479,1479,0,0005,0000,0,0,dd,0,0,0,0,0000,04d2
1480,1480,0,0005,0000,0,0,dd,0,0,0,0,0000,04d2
1481,1481,0,0005,0000,0,0,dd,0,0,0,0,0000,04d2
1482,1482,0,0005,0000,0,0,dd,0,0,0,0,0000,04d2
1483,1483,0,0005,0000,0,0,dd,0,0,0,0,0000,04d2
1484,1484,0,0005,0000,0,0,dd,0,0,0,0,0000,04d2
1485,1485,0,0005,0000,0,0,dd,0,0,0,0,0000,04d2
1486,1486,0,0005,0000,0,0,dd,0,0,0,0,0000,04d2
1487,1487,0,0005,0000,0,0,dd,0,0,0,0,0000,04d2
1488,1488,0,0005,0000,0,0,dd,0,0,0,0,0000,04d2
1489,1489,0,0005,0000,0,0,dd,0,0,0,0,0000,04d2
1490,1490,0,0005,0000,0,0,dd,0,0,0,0,0000,04d2
1491,1491,0,0005,0000,0,0,dd,0,0,0,0,0000,04d2
1492,1492,0,0005,0000,0,0,dd,0,0,0,0,0000,04d2
1493,1493,0,0005,0000,0,0,dd,0,0,0,0,0000,04d2
1494,1494,0,0005,0000,0,0,dd,0,0,0,0,0000,04d2
1495,1495,0,0005,0000,0,0,dd,0,0,0,0,0000,04d2
1496,1496,0,0005,0000,0,0,dd,0,0,0,0,0000,04d2
1497,1497,0,0005,0000,0,0,dd,0,0,0,0,0000,04d2
1498,1498,0,0005,0000,0,0,dd,0,0,0,0,0000,04d2
1499,1499,0,0005,0000,0,0,dd,0,0,0,0,0000,04d2
1500,1500,0,0005,0000,0,0,dd,0,0,0,0,0000,04d2
1501,1501,0,0005,0000,0,0,dd,0,0,0,0,0000,04d2
1502,1502,0,0005,0000,0,0,dd,0,0,0,0,0000,04d2
1503,1503,0,0005,0000,0,0,dd,0,0,0,0,0000,04d2
1504,1504,0,0005,0000,0,0,dd,0,0,0,0,0000,04d2
1505,1505,0,0005,0000,0,0,dd,0,0,0,0,0000,04d2
1506,1506,0,0005,0000,0,0,dd,0,0,0,0,0000,04d2
1507,1507,0,0005,0000,0,0,dd,0,0,0,0,0000,04d2
1508,1508,0,0005,0000,0,0,dd,0,0,0,0,0000,04d2
1509,1509,0,0005,0000,0,0,dd,0,0,0,0,0000,04d2
1510,1510,0,0005,0000,0,0,dd,0,0,0,0,0000,04d2
1511,1511,0,0005,0000,0,0,dd,0,0,0,0,0000,04d2
1512,1512,0,0005,0000,0,0,dd,0,0,0,0,0000,04d2
1513,1513,0,0005,0000,0,0,dd,0,0,0,0,0000,04d2
1514,1514,0,0005,0000,0,0,dd,0,0,0,0,0000,04d2
1515,1515,0,0005,0000,0,0,dd,0,0,0,0,0000,04d2
1516,1516,0,0005,0000,0,0,dd,0,0,0,0,0000,04d2
1517,1517,0,0005,0000,0,0,dd,0,0,0,0,0000,04d2
1518,1518,0,0005,0000,0,0,dd,0,0,0,0,0000,04d2
1519,1519,0,0005,0000,0,0,dd,0,0,0,0,0000,04d2
1520,1520,0,0005,0000,0,0,dd,0,0,0,0,0000,04d2
1521,1521,0,0005,0000,0,0,dd,0,0,0,0,0000,04d2
1522,1522,0,0005,0000,0,0,dd,0,0,0,0,0000,04d2
1523,1523,0,0005,0000,0,0,dd,0,0,0,0,0000,04d2
1524,1524,0,0005,0000,0,0,dd,0,0,0,0,0000,04d2
1525,1525,0,0005,0000,0,0,dd,0,0,0,0,0000,04d2
1526,1526,0,0005,0000,0,0,dd,0,0,0,0,0000,04d2
1527,1527,0,0005,0000,0,0,dd,0,0,0,0,0000,04d2
1528,1528,0,0005,0000,0,0,dd,0,0,0,0,0000,04d2
1529,1529,0,0005,0000,0,0,dd,0,0,0,0,0000,04d2
1530,1530,0,0005,0000,0,0,dd,0,0,0,0,0000,04d2
1531,1531,0,0005,0000,0,0,dd,0,0,0,0,0000,04d2
1532,1532,0,0005,0000,0,0,dd,0,0,0,0,0000,04d2
1533,1533,0,0005,0000,0,0,dd,0,0,0,0,0000,04d2
1534,1534,0,0005,0000,0,0,dd,0,0,0,0,0000,04d2
1535,1535,0,0005,0000,0,0,dd,0,0,0,0,0000,04d2
1536,1536,0,0005,0000,0,0,dd,0,0,0,0,0000,04d2
1537,1537,0,0005,0000,0,0,dd,0,0,0,0,0000,04d2
1538,1538,0,0005,0000,0,0,dd,0,0,0,0,0000,04d2
1539,1539,0,0005,0000,0,0,dd,0,0,0,0,0000,04d2
1540,1540,0,0005,0000,0,0,dd,0,0,0,0,0000,04d2
1541,1541,0,0005,0000,0,0,dd,0,0,0,0,0000,04d2
1542,1542,0,0005,0000,0,0,dd,0,0,0,0,0000,04d2
1543,1543,0,0005,0000,0,0,dd,0,0,0,0,0000,04d2
1544,1544,0,0005,0000,0,0,dd,0,0,0,0,0000,04d2
1545,1545,0,0005,0000,0,0,dd,0,0,0,0,0000,04d2
1546,1546,0,0005,0000,0,0,dd,0,0,0,0,0000,04d2
1547,1547,0,0005,0000,0,0,dd,0,0,0,0,0000,04d2
1548,1548,0,0005,0000,0,0,dd,0,0,0,0,0000,04d2
1549,1549,0,0005,0000,0,0,dd,0,0,0,0,0000,04d2
1550,1550,0,0005,0000,0,0,dd,0,0,0,0,0000,04d2
1551,1551,0,0005,0000,0,0,dd,0,0,0,0,0000,04d2
1552,1552,0,0005,0000,0,0,dd,0,0,0,0,0000,04d2
1553,1553,0,0005,0000,0,0,dd,0,0,0,0,0000,04d2
1554,1554,0,0005,0000,0,0,dd,0,0,0,0,0000,04d2
1555,1555,0,0005,0000,0,0,dd,0,0,0,0,0000,04d2
1556,1556,0,0005,0000,0,0,dd,0,0,0,0,0000,04d2
1557,1557,0,0005,0000,0,0,dd,0,0,0,0,0000,04d2
1558,1558,0,0005,0000,0,0,dd,0,0,0,0,0000,04d2
1559,1559,0,0005,0000,0,0,dd,0,0,0,0,0000,04d2
1560,1560,0,0005,0000,0,0,dd,0,0,0,0,0000,04d2
1561,1561,0,0005,0000,0,0,dd,0,0,0,0,0000,04d2
1562,1562,0,0005,0000,0,0,dd,0,0,0,0,0000,04d2
1563,1563,0,0005,0000,0,0,dd,0,0,0,0,0000,04d2
1564,1564,0,0005,0000,0,0,dd,0,0,0,0,0000,04d2
1565,1565,0,0005,0000,0,0,dd,0,0,0,0,0000,04d2
1566,1566,0,0005,0000,0,0,dd,0,0,0,0,0000,04d2
1567,1567,0,0005,0000,0,0,dd,0,0,0,0,0000,04d2
1568,1568,0,0005,0000,0,0,dd,0,0,0,0,0000,04d2
1569,1569,0,0005,0000,0,0,dd,0,0,0,0,0000,04d2
1570,1570,0,0005,0000,0,0,dd,0,0,0,0,0000,04d2
1571,1571,0,0005,0000,0,0,dd,0,0,0,0,0000,04d2
1572,1572,0,0005,0000,0,0,dd,0,0,0,0,0000,04d2
1573,1573,0,0005,0000,0,0,dd,0,0,0,0,0000,04d2
1574,1574,0,0005,0000,0,0,dd,0,0,0,0,0000,04d2
1575,1575,0,0005,0000,0,0,dd,0,0,0,0,0000,04d2
1576,1576,0,0005,0000,0,0,dd,0,0,0,0,0000,04d2
1577,1577,0,0005,0000,0,0,dd,0,0,0,0,0000,04d2
1578,1578,0,0005,0000,0,0,dd,0,0,0,0,0000,04d2
1579,1579,0,0005,0000,0,0,dd,0,0,0,0,0000,04d2
1580,1580,0,0005,0000,0,0,dd,0,0,0,0,0000,04d2
1581,1581,0,0005,0000,0,0,dd,0,0,0,0,0000,04d2
1582,1582,0,0005,0000,0,0,dd,0,0,0,0,0000,04d2
1583,1583,0,0005,0000,0,0,dd,0,0,0,0,0000,04d2
1584,1584,0,0005,0000,0,0,dd,0,0,0,0,0000,04d2
1585,1585,0,0005,0000,0,0,dd,0,0,0,0,0000,04d2
1586,1586,0,0005,0000,0,0,dd,0,0,0,0,0000,04d2
1587,1587,0,0005,0000,0,0,dd,0,0,0,0,0000,04d2
1588,1588,0,0005,0000,0,0,dd,0,0,0,0,0000,04d2
1589,1589,0,0005,0000,0,0,dd,0,0,0,0,0000,04d2
1590,1590,0,0005,0000,0,0,dd,0,0,0,0,0000,04d2
1591,1591,0,0005,0000,0,0,dd,0,0,0,0,0000,04d2
1592,1592,0,0005,0000,0,0,dd,0,0,0,0,0000,04d2
1593,1593,0,0005,0000,0,0,dd,0,0,0,0,0000,04d2
1594,1594,0,0005,0000,0,0,dd,0,0,0,0,0000,04d2
1595,1595,0,0005,0000,0,0,dd,0,0,0,0,0000,04d2
1596,1596,0,0005,0000,0,0,dd,0,0,0,0,0000,04d2
1597,1597,0,0005,0000,0,0,dd,0,0,0,0,0000,04d2
1598,1598,0,0005,0000,0,0,dd,0,0,0,0,0000,04d2
1599,1599,0,0005,0000,0,0,dd,0,0,0,0,0000,04d2
1600,1600,0,0005,0000,0,0,dd,0,0,0,0,0000,04d2
1601,1601,0,0005,0000,0,0,dd,0,0,0,0,0000,04d2
1602,1602,0,0005,0000,0,0,dd,0,0,0,0,0000,04d2
1603,1603,0,0005,0000,0,0,dd,0,0,0,0,0000,04d2
1604,1604,0,0005,0000,0,0,dd,0,0,0,0,0000,04d2
1605,1605,0,0005,0000,0,0,dd,0,0,0,0,0000,04d2
1606,1606,0,0005,0000,0,0,dd,0,0,0,0,0000,04d2
1607,1607,0,0005,0000,0,0,dd,0,0,0,0,0000,04d2
1608,1608,0,0005,0000,0,0,dd,0,0,0,0,0000,04d2
1609,1609,0,0005,0000,0,0,dd,0,0,0,0,0000,04d2
1610,1610,0,0005,0000,0,0,dd,0,0,0,0,0000,04d2
1611,1611,0,0005,0000,0,0,dd,0,0,0,0,0000,04d2
1612,1612,0,0005,0000,0,0,dd,0,0,0,0,0000,04d2
1613,1613,0,0005,0000,0,0,dd,0,0,0,0,0000,04d2
1614,1614,0,0005,0000,0,0,dd,0,0,0,0,0000,04d2
1615,1615,0,0005,0000,0,0,dd,0,0,0,0,0000,04d2
1616,1616,0,0005,0000,0,0,dd,0,0,0,0,0000,04d2
1617,1617,0,0005,0000,0,0,dd,0,0,0,0,0000,04d2
1618,1618,0,0005,0000,0,0,dd,0,0,0,0,0000,04d2
1619,1619,0,0005,0000,0,0,dd,0,0,0,0,0000,04d2
1620,1620,0,0005,0000,0,0,dd,0,0,0,0,0000,04d2
1621,1621,0,0005,0000,0,0,dd,0,0,0,0,0000,04d2
1622,1622,0,0005,0000,0,0,dd,0,0,0,0,0000,04d2
1623,1623,0,0005,0000,0,0,dd,0,0,0,0,0000,04d2
1624,1624,0,0005,0000,0,0,dd,0,0,0,0,0000,04d2
1625,1625,0,0005,0000,0,0,dd,0,0,0,0,0000,04d2
1626,1626,0,0005,0000,0,0,dd,0,0,0,0,0000,04d2
1627,1627,0,0005,0000,0,0,dd,0,0,0,0,0000,04d2
1628,1628,0,0005,0000,0,0,dd,0,0,0,0,0000,04d2
1629,1629,0,0005,0000,0,0,dd,0,0,0,0,0000,04d2
1630,1630,0,0005,0000,0,0,dd,0,0,0,0,0000,04d2
1631,1631,0,0005,0000,0,0,dd,0,0,0,0,0000,04d2
1632,1632,0,0005,0000,0,0,dd,0,0,0,0,0000,04d2
1633,1633,0,0005,0000,0,0,dd,0,0,0,0,0000,04d2
1634,1634,0,0005,0000,0,0,dd,0,0,0,0,0000,04d2
1635,1635,0,0005,0000,0,0,dd,0,0,0,0,0000,04d2
1636,1636,0,0005,0000,0,0,dd,0,0,0,0,0000,04d2
1637,1637,0,0005,0000,0,0,dd,0,0,0,0,0000,04d2
1638,1638,0,0005,0000,0,0,dd,0,0,0,0,0000,04d2
1639,1639,0,0005,0000,0,0,dd,0,0,0,0,0000,04d2
1640,1640,0,0005,0000,0,0,dd,0,0,0,0,0000,04d2
1641,1641,0,0005,0000,0,0,dd,0,0,0,0,0000,04d2
1642,1642,0,0005,0000,0,0,dd,0,0,0,0,0000,04d2
1643,1643,0,0005,0000,0,0,dd,0,0,0,0,0000,04d2
1644,1644,0,0005,0000,0,0,dd,0,0,0,0,0000,04d2
1645,1645,0,0005,0000,0,0,dd,0,0,0,0,0000,04d2
1646,1646,0,0005,0000,0,0,dd,0,0,0,0,0000,04d2
1647,1647,0,0005,0000,0,0,dd,0,0,0,0,0000,04d2
1648,1648,0,0005,0000,0,0,dd,0,0,0,0,0000,04d2
1649,1649,0,0005,0000,0,0,dd,0,0,0,0,0000,04d2
1650,1650,0,0005,0000,0,0,dd,0,0,0,0,0000,04d2
1651,1651,0,0005,0000,0,0,dd,0,0,0,0,0000,04d2
1652,1652,0,0005,0000,0,0,dd,0,0,0,0,0000,04d2
1653,1653,0,0005,0000,0,0,dd,0,0,0,0,0000,04d2
1654,1654,0,0005,0000,0,0,dd,0,0,0,0,0000,04d2
1655,1655,0,0005,0000,0,0,dd,0,0,0,0,0000,04d2
1656,1656,0,0005,0000,0,0,dd,0,0,0,0,0000,04d2
1657,1657,0,0005,0000,0,0,dd,0,0,0,0,0000,04d2
1658,1658,0,0005,0000,0,0,dd,0,0,0,0,0000,04d2
1659,1659,0,0005,0000,0,0,dd,0,0,0,0,0000,04d2
1660,1660,0,0005,0000,0,0,dd,0,0,0,0,0000,04d2
1661,1661,0,0005,0000,0,0,dd,0,0,0,0,0000,04d2
1662,1662,0,0005,0000,0,0,dd,0,0,0,0,0000,04d2
1663,1663,0,0005,0000,0,0,dd,0,0,0,0,0000,04d2
1664,1664,0,0005,0000,0,0,dd,0,0,0,0,0000,04d2
1665,1665,0,0005,0000,0,0,dd,0,0,0,0,0000,04d2
1666,1666,0,0005,0000,0,0,dd,0,0,0,0,0000,04d2
1667,1667,0,0005,0000,0,0,dd,0,0,0,0,0000,04d2
1668,1668,0,0005,0000,0,0,dd,0,0,0,0,0000,04d2
1669,1669,0,0005,0000,0,0,dd,0,0,0,0,0000,04d2
1670,1670,0,0005,0000,0,0,dd,0,0,0,0,0000,04d2
1671,1671,0,0005,0000,0,0,dd,0,0,0,0,0000,04d2
1672,1672,0,0005,0000,0,0,dd,0,0,0,0,0000,04d2
1673,1673,0,0005,0000,0,0,dd,0,0,0,0,0000,04d2
1674,1674,0,0005,0000,0,0,dd,0,0,0,0,0000,04d2
1675,1675,0,0005,0000,0,0,dd,0,0,0,0,0000,04d2
1676,1676,0,0005,0000,0,0,dd,0,0,0,0,0000,04d2
1677,1677,0,0005,0000,0,0,dd,0,0,0,0,0000,04d2
1678,1678,0,0005,0000,0,0,dd,0,0,0,0,0000,04d2
1679,1679,0,0005,0000,0,0,dd,0,0,0,0,0000,04d2
1680,1680,0,0005,0000,0,0,dd,0,0,0,0,0000,04d2
1681,1681,0,0005,0000,0,0,dd,0,0,0,0,0000,04d2
1682,1682,0,0005,0000,0,0,dd,0,0,0,0,0000,04d2
1683,1683,0,0005,0000,0,0,dd,0,0,0,0,0000,04d2
1684,1684,0,0005,0000,0,0,dd,0,0,0,0,0000,04d2
1685,1685,0,0005,0000,0,0,dd,0,0,0,0,0000,04d2
1686,1686,0,0005,0000,0,0,dd,0,0,0,0,0000,04d2
1687,1687,0,0005,0000,0,0,dd,0,0,0,0,0000,04d2
1688,1688,0,0005,0000,0,0,dd,0,0,0,0,0000,04d2
1689,1689,0,0005,0000,0,0,dd,0,0,0,0,0000,04d2
1690,1690,0,0005,0000,0,0,dd,0,0,0,0,0000,04d2
1691,1691,0,0005,0000,0,0,dd,0,0,0,0,0000,04d2
1692,1692,0,0005,0000,0,0,dd,0,0,0,0,0000,04d2
1693,1693,0,0005,0000,0,0,dd,0,0,0,0,0000,04d2
1694,1694,0,0005,0000,0,0,dd,0,0,0,0,0000,04d2
1695,1695,0,0005,0000,0,0,dd,0,0,0,0,0000,04d2
1696,1696,0,0005,0000,0,0,dd,0,0,0,0,0000,04d2
1697,1697,0,0005,0000,0,0,dd,0,0,0,0,0000,04d2
1698,1698,0,0005,0000,0,0,dd,0,0,0,0,0000,04d2
1699,1699,0,0005,0000,0,0,dd,0,0,0,0,0000,04d2
1700,1700,0,0005,0000,0,0,dd,0,0,0,0,0000,04d2
1701,1701,0,0005,0000,0,0,dd,0,0,0,0,0000,04d2
1702,1702,0,0005,0000,0,0,dd,0,0,0,0,0000,04d2
1703,1703,0,0005,0000,0,0,dd,0,0,0,0,0000,04d2
1704,1704,0,0005,0000,0,0,dd,0,0,0,0,0000,04d2
1705,1705,0,0005,0000,0,0,dd,0,0,0,0,0000,04d2
1706,1706,0,0005,0000,0,0,dd,0,0,0,0,0000,04d2
1707,1707,0,0005,0000,0,0,dd,0,0,0,0,0000,04d2
1708,1708,0,0005,0000,0,0,dd,0,0,0,0,0000,04d2
1709,1709,0,0005,0000,0,0,dd,0,0,0,0,0000,04d2
1710,1710,0,0005,0000,0,0,dd,0,0,0,0,0000,04d2
1711,1711,0,0005,0000,0,0,dd,0,0,0,0,0000,04d2
1712,1712,0,0005,0000,0,0,dd,0,0,0,0,0000,04d2
1713,1713,0,0005,0000,0,0,dd,0,0,0,0,0000,04d2
1714,1714,0,0005,0000,0,0,dd,0,0,0,0,0000,04d2
1715,1715,0,0005,0000,0,0,dd,0,0,0,0,0000,04d2
1716,1716,0,0005,0000,0,0,dd,0,0,0,0,0000,04d2
1717,1717,0,0005,0000,0,0,dd,0,0,0,0,0000,04d2
1718,1718,0,0005,0000,0,0,dd,0,0,0,0,0000,04d2
1719,1719,0,0005,0000,0,0,dd,0,0,0,0,0000,04d2
1720,1720,0,0005,0000,0,0,dd,0,0,0,0,0000,04d2
1721,1721,0,0005,0000,0,0,dd,0,0,0,0,0000,04d2
1722,1722,0,0005,0000,0,0,dd,0,0,0,0,0000,04d2
1723,1723,0,0005,0000,0,0,dd,0,0,0,0,0000,04d2
1724,1724,0,0005,0000,0,0,dd,0,0,0,0,0000,04d2
1725,1725,0,0005,0000,0,0,dd,0,0,0,0,0000,04d2
1726,1726,0,0005,0000,0,0,dd,0,0,0,0,0000,04d2
1727,1727,0,0005,0000,0,0,dd,0,0,0,0,0000,04d2
1728,1728,0,0005,0000,0,0,dd,0,0,0,0,0000,04d2
1729,1729,0,0005,0000,0,0,dd,0,0,0,0,0000,04d2
1730,1730,0,0005,0000,0,0,dd,0,0,0,0,0000,04d2
1731,1731,0,0005,0000,0,0,dd,0,0,0,0,0000,04d2
1732,1732,0,0005,0000,0,0,dd,0,0,0,0,0000,04d2
1733,1733,0,0005,0000,0,0,dd,0,0,0,0,0000,04d2
1734,1734,0,0005,0000,0,0,dd,0,0,0,0,0000,04d2
1735,1735,0,0005,0000,0,0,dd,0,0,0,0,0000,04d2
1736,1736,0,0005,0000,0,0,dd,0,0,0,0,0000,04d2
1737,1737,0,0005,0000,0,0,dd,0,0,0,0,0000,04d2
1738,1738,0,0005,0000,0,0,dd,0,0,0,0,0000,04d2
1739,1739,0,0005,0000,0,0,dd,0,0,0,0,0000,04d2
1740,1740,0,0005,0000,0,0,dd,0,0,0,0,0000,04d2
1741,1741,0,0005,0000,0,0,dd,0,0,0,0,0000,04d2
1742,1742,0,0005,0000,0,0,dd,0,0,0,0,0000,04d2
1743,1743,0,0005,0000,0,0,dd,0,0,0,0,0000,04d2
1744,1744,0,0005,0000,0,0,dd,0,0,0,0,0000,04d2
1745,1745,0,0005,0000,0,0,dd,0,0,0,0,0000,04d2
1746,1746,0,0005,0000,0,0,dd,0,0,0,0,0000,04d2
1747,1747,0,0005,0000,0,0,dd,0,0,0,0,0000,04d2
1748,1748,0,0005,0000,0,0,dd,0,0,0,0,0000,04d2
1749,1749,0,0005,0000,0,0,dd,0,0,0,0,0000,04d2
1750,1750,0,0005,0000,0,0,dd,0,0,0,0,0000,04d2
1751,1751,0,0005,0000,0,0,dd,0,0,0,0,0000,04d2
1752,1752,0,0005,0000,0,0,dd,0,0,0,0,0000,04d2
1753,1753,0,0005,0000,0,0,dd,0,0,0,0,0000,04d2
1754,1754,0,0005,0000,0,0,dd,0,0,0,0,0000,04d2
1755,1755,0,0005,0000,0,0,dd,0,0,0,0,0000,04d2
1756,1756,0,0005,0000,0,0,dd,0,0,0,0,0000,04d2
1757,1757,0,0005,0000,0,0,dd,0,0,0,0,0000,04d2
1758,1758,0,0005,0000,0,0,dd,0,0,0,0,0000,04d2
1759,1759,0,0005,0000,0,0,dd,0,0,0,0,0000,04d2
1760,1760,0,0005,0000,0,0,dd,0,0,0,0,0000,04d2
1761,1761,0,0005,0000,0,0,dd,0,0,0,0,0000,04d2
1762,1762,0,0005,0000,0,0,dd,0,0,0,0,0000,04d2
1763,1763,0,0005,0000,0,0,dd,0,0,0,0,0000,04d2
1764,1764,0,0005,0000,0,0,dd,0,0,0,0,0000,04d2
1765,1765,0,0005,0000,0,0,dd,0,0,0,0,0000,04d2
1766,1766,0,0005,0000,0,0,dd,0,0,0,0,0000,04d2
1767,1767,0,0005,0000,0,0,dd,0,0,0,0,0000,04d2
1768,1768,0,0005,0000,0,0,dd,0,0,0,0,0000,04d2
1769,1769,0,0005,0000,0,0,dd,0,0,0,0,0000,04d2
1770,1770,0,0005,0000,0,0,dd,0,0,0,0,0000,04d2
1771,1771,0,0005,0000,0,0,dd,0,0,0,0,0000,04d2
1772,1772,0,0005,0000,0,0,dd,0,0,0,0,0000,04d2
1773,1773,0,0005,0000,0,0,dd,0,0,0,0,0000,04d2
1774,1774,0,0005,0000,0,0,dd,0,0,0,0,0000,04d2
1775,1775,0,0005,0000,0,0,dd,0,0,0,0,0000,04d2
1776,1776,0,0005,0000,0,0,dd,0,0,0,0,0000,04d2
1777,1777,0,0005,0000,0,0,dd,0,0,0,0,0000,04d2
1778,1778,0,0005,0000,0,0,dd,0,0,0,0,0000,04d2
1779,1779,0,0005,0000,0,0,dd,0,0,0,0,0000,04d2
1780,1780,0,0005,0000,0,0,dd,0,0,0,0,0000,04d2
1781,1781,0,0005,0000,0,0,dd,0,0,0,0,0000,04d2
1782,1782,0,0005,0000,0,0,dd,0,0,0,0,0000,04d2
1783,1783,0,0005,0000,0,0,dd,0,0,0,0,0000,04d2
1784,1784,0,0005,0000,0,0,dd,0,0,0,0,0000,04d2
1785,1785,0,0005,0000,0,0,dd,0,0,0,0,0000,04d2
1786,1786,0,0005,0000,0,0,dd,0,0,0,0,0000,04d2
1787,1787,0,0005,0000,0,0,dd,0,0,0,0,0000,04d2
1788,1788,0,0005,0000,0,0,dd,0,0,0,0,0000,04d2
1789,1789,0,0005,0000,0,0,dd,0,0,0,0,0000,04d2
1790,1790,0,0005,0000,0,0,dd,0,0,0,0,0000,04d2
1791,1791,0,0005,0000,0,0,dd,0,0,0,0,0000,04d2
1792,1792,0,0005,0000,0,0,dd,0,0,0,0,0000,04d2
1793,1793,0,0005,0000,0,0,dd,0,0,0,0,0000,04d2
1794,1794,0,0005,0000,0,0,dd,0,0,0,0,0000,04d2
1795,1795,0,0005,0000,0,0,dd,0,0,0,0,0000,04d2
1796,1796,0,0005,0000,0,0,dd,0,0,0,0,0000,04d2
1797,1797,0,0005,0000,0,0,dd,0,0,0,0,0000,04d2
1798,1798,0,0005,0000,0,0,dd,0,0,0,0,0000,04d2
1799,1799,0,0005,0000,0,0,dd,0,0,0,0,0000,04d2
1800,1800,0,0005,0000,0,0,dd,0,0,0,0,0000,04d2
1801,1801,0,0005,0000,0,0,dd,0,0,0,0,0000,04d2
1802,1802,0,0005,0000,0,0,dd,0,0,0,0,0000,04d2
1803,1803,0,0005,0000,0,0,dd,0,0,0,0,0000,04d2
1804,1804,0,0005,0000,0,0,dd,0,0,0,0,0000,04d2
1805,1805,0,0005,0000,0,0,dd,0,0,0,0,0000,04d2
1806,1806,0,0005,0000,0,0,dd,0,0,0,0,0000,04d2
1807,1807,0,0005,0000,0,0,dd,0,0,0,0,0000,04d2
1808,1808,0,0005,0000,0,0,dd,0,0,0,0,0000,04d2
1809,1809,0,0005,0000,0,0,dd,0,0,0,0,0000,04d2
1810,1810,0,0005,0000,0,0,dd,0,0,0,0,0000,04d2
1811,1811,0,0005,0000,0,0,dd,0,0,0,0,0000,04d2
1812,1812,0,0005,0000,0,0,dd,0,0,0,0,0000,04d2
1813,1813,0,0005,0000,0,0,dd,0,0,0,0,0000,04d2
1814,1814,0,0005,0000,0,0,dd,0,0,0,0,0000,04d2
1815,1815,0,0005,0000,0,0,dd,0,0,0,0,0000,04d2
1816,1816,0,0005,0000,0,0,dd,0,0,0,0,0000,04d2
1817,1817,0,0005,0000,0,0,dd,0,0,0,0,0000,04d2
1818,1818,0,0005,0000,0,0,dd,0,0,0,0,0000,04d2
1819,1819,0,0005,0000,0,0,dd,0,0,0,0,0000,04d2
1820,1820,0,0005,0000,0,0,dd,0,0,0,0,0000,04d2
1821,1821,0,0005,0000,0,0,dd,0,0,0,0,0000,04d2
1822,1822,0,0005,0000,0,0,dd,0,0,0,0,0000,04d2
1823,1823,0,0005,0000,0,0,dd,0,0,0,0,0000,04d2
1824,1824,0,0005,0000,0,0,dd,0,0,0,0,0000,04d2
1825,1825,0,0005,0000,0,0,dd,0,0,0,0,0000,04d2
1826,1826,0,0005,0000,0,0,dd,0,0,0,0,0000,04d2
1827,1827,0,0005,0000,0,0,dd,0,0,0,0,0000,04d2
1828,1828,0,0005,0000,0,0,dd,0,0,0,0,0000,04d2
1829,1829,0,0005,0000,0,0,dd,0,0,0,0,0000,04d2
1830,1830,0,0005,0000,0,0,dd,0,0,0,0,0000,04d2
1831,1831,0,0005,0000,0,0,dd,0,0,0,0,0000,04d2
1832,1832,0,0005,0000,0,0,dd,0,0,0,0,0000,04d2
1833,1833,0,0005,0000,0,0,dd,0,0,0,0,0000,04d2
1834,1834,0,0005,0000,0,0,dd,0,0,0,0,0000,04d2
1835,1835,0,0005,0000,0,0,dd,0,0,0,0,0000,04d2
1836,1836,0,0005,0000,0,0,dd,0,0,0,0,0000,04d2
1837,1837,0,0005,0000,0,0,dd,0,0,0,0,0000,04d2
1838,1838,0,0005,0000,0,0,dd,0,0,0,0,0000,04d2
1839,1839,0,0005,0000,0,0,dd,0,0,0,0,0000,04d2
1840,1840,0,0005,0000,0,0,dd,0,0,0,0,0000,04d2
1841,1841,0,0005,0000,0,0,dd,0,0,0,0,0000,04d2
1842,1842,0,0005,0000,0,0,dd,0,0,0,0,0000,04d2
1843,1843,0,0005,0000,0,0,dd,0,0,0,0,0000,04d2
1844,1844,0,0005,0000,0,0,dd,0,0,0,0,0000,04d2
1845,1845,0,0005,0000,0,0,dd,0,0,0,0,0000,04d2
1846,1846,0,0005,0000,0,0,dd,0,0,0,0,0000,04d2
1847,1847,0,0005,0000,0,0,dd,0,0,0,0,0000,04d2
1848,1848,0,0005,0000,0,0,dd,0,0,0,0,0000,04d2
1849,1849,0,0005,0000,0,0,dd,0,0,0,0,0000,04d2
1850,1850,0,0005,0000,0,0,dd,0,0,0,0,0000,04d2
1851,1851,0,0005,0000,0,0,dd,0,0,0,0,0000,04d2
1852,1852,0,0005,0000,0,0,dd,0,0,0,0,0000,04d2
1853,1853,0,0005,0000,0,0,dd,0,0,0,0,0000,04d2
1854,1854,0,0005,0000,0,0,dd,0,0,0,0,0000,04d2
1855,1855,0,0005,0000,0,0,dd,0,0,0,0,0000,04d2
1856,1856,0,0005,0000,0,0,dd,0,0,0,0,0000,04d2
1857,1857,0,0005,0000,0,0,dd,0,0,0,0,0000,04d2
1858,1858,0,0005,0000,0,0,dd,0,0,0,0,0000,04d2
1859,1859,0,0005,0000,0,0,dd,0,0,0,0,0000,04d2
1860,1860,0,0005,0000,0,0,dd,0,0,0,0,0000,04d2
1861,1861,0,0005,0000,0,0,dd,0,0,0,0,0000,04d2
1862,1862,0,0005,0000,0,0,dd,0,0,0,0,0000,04d2
1863,1863,0,0005,0000,0,0,dd,0,0,0,0,0000,04d2
1864,1864,0,0005,0000,0,0,dd,0,0,0,0,0000,04d2
1865,1865,0,0005,0000,0,0,dd,0,0,0,0,0000,04d2
1866,1866,0,0005,0000,0,0,dd,0,0,0,0,0000,04d2
1867,1867,0,0005,0000,0,0,dd,0,0,0,0,0000,04d2
1868,1868,0,0005,0000,0,0,dd,0,0,0,0,0000,04d2
1869,1869,0,0005,0000,0,0,dd,0,0,0,0,0000,04d2
1870,1870,0,0005,0000,0,0,dd,0,0,0,0,0000,04d2
1871,1871,0,0005,0000,0,0,dd,0,0,0,0,0000,04d2
1872,1872,0,0005,0000,0,0,dd,0,0,0,0,0000,04d2
1873,1873,0,0005,0000,0,0,dd,0,0,0,0,0000,04d2
1874,1874,0,0005,0000,0,0,dd,0,0,0,0,0000,04d2
1875,1875,0,0005,0000,0,0,dd,0,0,0,0,0000,04d2
1876,1876,0,0005,0000,0,0,dd,0,0,0,0,0000,04d2
1877,1877,0,0005,0000,0,0,dd,0,0,0,0,0000,04d2
1878,1878,0,0005,0000,0,0,dd,0,0,0,0,0000,04d2
1879,1879,0,0005,0000,0,0,dd,0,0,0,0,0000,04d2
1880,1880,0,0005,0000,0,0,dd,0,0,0,0,0000,04d2
1881,1881,0,0005,0000,0,0,dd,0,0,0,0,0000,04d2
1882,1882,0,0005,0000,0,0,dd,0,0,0,0,0000,04d2
1883,1883,0,0005,0000,0,0,dd,0,0,0,0,0000,04d2
1884,1884,0,0005,0000,0,0,dd,0,0,0,0,0000,04d2
1885,1885,0,0005,0000,0,0,dd,0,0,0,0,0000,04d2
1886,1886,0,0005,0000,0,0,dd,0,0,0,0,0000,04d2
1887,1887,0,0005,0000,0,0,dd,0,0,0,0,0000,04d2
1888,1888,0,0005,0000,0,0,dd,0,0,0,0,0000,04d2
1889,1889,0,0005,0000,0,0,dd,0,0,0,0,0000,04d2
1890,1890,0,0005,0000,0,0,dd,0,0,0,0,0000,04d2
1891,1891,0,0005,0000,0,0,dd,0,0,0,0,0000,04d2
1892,1892,0,0005,0000,0,0,dd,0,0,0,0,0000,04d2
1893,1893,0,0005,0000,0,0,dd,0,0,0,0,0000,04d2
1894,1894,0,0005,0000,0,0,dd,0,0,0,0,0000,04d2
1895,1895,0,0005,0000,0,0,dd,0,0,0,0,0000,04d2
1896,1896,0,0005,0000,0,0,dd,0,0,0,0,0000,04d2
1897,1897,0,0005,0000,0,0,dd,0,0,0,0,0000,04d2
1898,1898,0,0005,0000,0,0,dd,0,0,0,0,0000,04d2
1899,1899,0,0005,0000,0,0,dd,0,0,0,0,0000,04d2
1900,1900,0,0005,0000,0,0,dd,0,0,0,0,0000,04d2
1901,1901,0,0005,0000,0,0,dd,0,0,0,0,0000,04d2
1902,1902,0,0005,0000,0,0,dd,0,0,0,0,0000,04d2
1903,1903,0,0005,0000,0,0,dd,0,0,0,0,0000,04d2
1904,1904,0,0005,0000,0,0,dd,0,0,0,0,0000,04d2
1905,1905,0,0005,0000,0,0,dd,0,0,0,0,0000,04d2
1906,1906,0,0005,0000,0,0,dd,0,0,0,0,0000,04d2
1907,1907,0,0005,0000,0,0,dd,0,0,0,0,0000,04d2
1908,1908,0,0005,0000,0,0,dd,0,0,0,0,0000,04d2
1909,1909,0,0005,0000,0,0,dd,0,0,0,0,0000,04d2
1910,1910,0,0005,0000,0,0,dd,0,0,0,0,0000,04d2
1911,1911,0,0005,0000,0,0,dd,0,0,0,0,0000,04d2
1912,1912,0,0005,0000,0,0,dd,0,0,0,0,0000,04d2
1913,1913,0,0005,0000,0,0,dd,0,0,0,0,0000,04d2
1914,1914,0,0005,0000,0,0,dd,0,0,0,0,0000,04d2
1915,1915,0,0005,0000,0,0,dd,0,0,0,0,0000,04d2
1916,1916,0,0005,0000,0,0,dd,0,0,0,0,0000,04d2
1917,1917,0,0005,0000,0,0,dd,0,0,0,0,0000,04d2
1918,1918,0,0005,0000,0,0,dd,0,0,0,0,0000,04d2
1919,1919,0,0005,0000,0,0,dd,0,0,0,0,0000,04d2
1920,1920,0,0005,0000,0,0,dd,0,0,0,0,0000,04d2
1921,1921,0,0005,0000,0,0,dd,0,0,0,0,0000,04d2
1922,1922,0,0005,0000,0,0,dd,0,0,0,0,0000,04d2
1923,1923,0,0005,0000,0,0,dd,0,0,0,0,0000,04d2
1924,1924,0,0005,0000,0,0,dd,0,0,0,0,0000,04d2
1925,1925,0,0005,0000,0,0,dd,0,0,0,0,0000,04d2
1926,1926,0,0005,0000,0,0,dd,0,0,0,0,0000,04d2
1927,1927,0,0005,0000,0,0,dd,0,0,0,0,0000,04d2
1928,1928,0,0005,0000,0,0,dd,0,0,0,0,0000,04d2
1929,1929,0,0005,0000,0,0,dd,0,0,0,0,0000,04d2
1930,1930,0,0005,0000,0,0,dd,0,0,0,0,0000,04d2
1931,1931,0,0005,0000,0,0,dd,0,0,0,0,0000,04d2
1932,1932,0,0005,0000,0,0,dd,0,0,0,0,0000,04d2
1933,1933,0,0005,0000,0,0,dd,0,0,0,0,0000,04d2
1934,1934,0,0005,0000,0,0,dd,0,0,0,0,0000,04d2
1935,1935,0,0005,0000,0,0,dd,0,0,0,0,0000,04d2
1936,1936,0,0005,0000,0,0,dd,0,0,0,0,0000,04d2
1937,1937,0,0005,0000,0,0,dd,0,0,0,0,0000,04d2
1938,1938,0,0005,0000,0,0,dd,0,0,0,0,0000,04d2
1939,1939,0,0005,0000,0,0,dd,0,0,0,0,0000,04d2
1940,1940,0,0005,0000,0,0,dd,0,0,0,0,0000,04d2
1941,1941,0,0005,0000,0,0,dd,0,0,0,0,0000,04d2
1942,1942,0,0005,0000,0,0,dd,0,0,0,0,0000,04d2
1943,1943,0,0005,0000,0,0,dd,0,0,0,0,0000,04d2
1944,1944,0,0005,0000,0,0,dd,0,0,0,0,0000,04d2
1945,1945,0,0005,0000,0,0,dd,0,0,0,0,0000,04d2
1946,1946,0,0005,0000,0,0,dd,0,0,0,0,0000,04d2
1947,1947,0,0005,0000,0,0,dd,0,0,0,0,0000,04d2
1948,1948,0,0005,0000,0,0,dd,0,0,0,0,0000,04d2
1949,1949,0,0005,0000,0,0,dd,0,0,0,0,0000,04d2
1950,1950,0,0005,0000,0,0,dd,0,0,0,0,0000,04d2
1951,1951,0,0005,0000,0,0,dd,0,0,0,0,0000,04d2
1952,1952,0,0005,0000,0,0,dd,0,0,0,0,0000,04d2
1953,1953,0,0005,0000,0,0,dd,0,0,0,0,0000,04d2
1954,1954,0,0005,0000,0,0,dd,0,0,0,0,0000,04d2
1955,1955,0,0005,0000,0,0,dd,0,0,0,0,0000,04d2
1956,1956,0,0005,0000,0,0,dd,0,0,0,0,0000,04d2
1957,1957,0,0005,0000,0,0,dd,0,0,0,0,0000,04d2
1958,1958,0,0005,0000,0,0,dd,0,0,0,0,0000,04d2
1959,1959,0,0005,0000,0,0,dd,0,0,0,0,0000,04d2
1960,1960,0,0005,0000,0,0,dd,0,0,0,0,0000,04d2
1961,1961,0,0005,0000,0,0,dd,0,0,0,0,0000,04d2
1962,1962,0,0005,0000,0,0,dd,0,0,0,0,0000,04d2
1963,1963,0,0005,0000,0,0,dd,0,0,0,0,0000,04d2
1964,1964,0,0005,0000,0,0,dd,0,0,0,0,0000,04d2
1965,1965,0,0005,0000,0,0,dd,0,0,0,0,0000,04d2
1966,1966,0,0005,0000,0,0,dd,0,0,0,0,0000,04d2
1967,1967,0,0005,0000,0,0,dd,0,0,0,0,0000,04d2
1968,1968,0,0005,0000,0,0,dd,0,0,0,0,0000,04d2
1969,1969,0,0005,0000,0,0,dd,0,0,0,0,0000,04d2
1970,1970,0,0005,0000,0,0,dd,0,0,0,0,0000,04d2
1971,1971,0,0005,0000,0,0,dd,0,0,0,0,0000,04d2
1972,1972,0,0005,0000,0,0,dd,0,0,0,0,0000,04d2
1973,1973,0,0005,0000,0,0,dd,0,0,0,0,0000,04d2
1974,1974,0,0005,0000,0,0,dd,0,0,0,0,0000,04d2
1975,1975,0,0005,0000,0,0,dd,0,0,0,0,0000,04d2
1976,1976,0,0005,0000,0,0,dd,0,0,0,0,0000,04d2
1977,1977,0,0005,0000,0,0,dd,0,0,0,0,0000,04d2
1978,1978,0,0005,0000,0,0,dd,0,0,0,0,0000,04d2
1979,1979,0,0005,0000,0,0,dd,0,0,0,0,0000,04d2
1980,1980,0,0005,0000,0,0,dd,0,0,0,0,0000,04d2
1981,1981,0,0005,0000,0,0,dd,0,0,0,0,0000,04d2
1982,1982,0,0005,0000,0,0,dd,0,0,0,0,0000,04d2
1983,1983,0,0005,0000,0,0,dd,0,0,0,0,0000,04d2
1984,1984,0,0005,0000,0,0,dd,0,0,0,0,0000,04d2
1985,1985,0,0005,0000,0,0,dd,0,0,0,0,0000,04d2
1986,1986,0,0005,0000,0,0,dd,0,0,0,0,0000,04d2
1987,1987,0,0005,0000,0,0,dd,0,0,0,0,0000,04d2
1988,1988,0,0005,0000,0,0,dd,0,0,0,0,0000,04d2
1989,1989,0,0005,0000,0,0,dd,0,0,0,0,0000,04d2
1990,1990,0,0005,0000,0,0,dd,0,0,0,0,0000,04d2
1991,1991,0,0005,0000,0,0,dd,0,0,0,0,0000,04d2
1992,1992,0,0005,0000,0,0,dd,0,0,0,0,0000,04d2
1993,1993,0,0005,0000,0,0,dd,0,0,0,0,0000,04d2
1994,1994,0,0005,0000,0,0,dd,0,0,0,0,0000,04d2
1995,1995,0,0005,0000,0,0,dd,0,0,0,0,0000,04d2
1996,1996,0,0005,0000,0,0,dd,0,0,0,0,0000,04d2
1997,1997,0,0005,0000,0,0,dd,0,0,0,0,0000,04d2
1998,1998,0,0005,0000,0,0,dd,0,0,0,0,0000,04d2
1999,1999,0,0005,0000,0,0,dd,0,0,0,0,0000,04d2
2000,2000,0,0005,0000,0,0,dd,0,0,0,0,0000,04d2
2001,2001,0,0005,0000,0,0,dd,0,0,0,0,0000,04d2
2002,2002,0,0005,0000,0,0,dd,0,0,0,0,0000,04d2
2003,2003,0,0005,0000,0,0,dd,0,0,0,0,0000,04d2
2004,2004,0,0005,0000,0,0,dd,0,0,0,0,0000,04d2
2005,2005,0,0005,0000,0,0,dd,0,0,0,0,0000,04d2
2006,2006,0,0005,0000,0,0,dd,0,0,0,0,0000,04d2
2007,2007,0,0005,0000,0,0,dd,0,0,0,0,0000,04d2
2008,2008,0,0005,0000,0,0,dd,0,0,0,0,0000,04d2
2009,2009,0,0005,0000,0,0,dd,0,0,0,0,0000,04d2
2010,2010,0,0005,0000,0,0,dd,0,0,0,0,0000,04d2
2011,2011,0,0005,0000,0,0,dd,0,0,0,0,0000,04d2
2012,2012,0,0005,0000,0,0,dd,0,0,0,0,0000,04d2
2013,2013,0,0005,0000,0,0,dd,0,0,0,0,0000,04d2
2014,2014,0,0005,0000,0,0,dd,0,0,0,0,0000,04d2
2015,2015,0,0005,0000,0,0,dd,0,0,0,0,0000,04d2
2016,2016,0,0005,0000,0,0,dd,0,0,0,0,0000,04d2
2017,2017,0,0005,0000,0,0,dd,0,0,0,0,0000,04d2
2018,2018,0,0005,0000,0,0,dd,0,0,0,0,0000,04d2
2019,2019,0,0005,0000,0,0,dd,0,0,0,0,0000,04d2
2020,2020,0,0005,0000,0,0,dd,0,0,0,0,0000,04d2
2021,2021,0,0005,0000,0,0,dd,0,0,0,0,0000,04d2
2022,2022,0,0005,0000,0,0,dd,0,0,0,0,0000,04d2
2023,2023,0,0005,0000,0,0,dd,0,0,0,0,0000,04d2
2024,2024,0,0005,0000,0,0,dd,0,0,0,0,0000,04d2
2025,2025,0,0005,0000,0,0,dd,0,0,0,0,0000,04d2
2026,2026,0,0005,0000,0,0,dd,0,0,0,0,0000,04d2
2027,2027,0,0005,0000,0,0,dd,0,0,0,0,0000,04d2
2028,2028,0,0005,0000,0,0,dd,0,0,0,0,0000,04d2
2029,2029,0,0005,0000,0,0,dd,0,0,0,0,0000,04d2
2030,2030,0,0005,0000,0,0,dd,0,0,0,0,0000,04d2
2031,2031,0,0005,0000,0,0,dd,0,0,0,0,0000,04d2
2032,2032,0,0005,0000,0,0,dd,0,0,0,0,0000,04d2
2033,2033,0,0005,0000,0,0,dd,0,0,0,0,0000,04d2
2034,2034,0,0005,0000,0,0,dd,0,0,0,0,0000,04d2
2035,2035,0,0005,0000,0,0,dd,0,0,0,0,0000,04d2
2036,2036,0,0005,0000,0,0,dd,0,0,0,0,0000,04d2
2037,2037,0,0005,0000,0,0,dd,0,0,0,0,0000,04d2
2038,2038,0,0005,0000,0,0,dd,0,0,0,0,0000,04d2
2039,2039,0,0005,0000,0,0,dd,0,0,0,0,0000,04d2
2040,2040,0,0005,0000,0,0,dd,0,0,0,0,0000,04d2
2041,2041,0,0005,0000,0,0,dd,0,0,0,0,0000,04d2
2042,2042,0,0005,0000,0,0,dd,0,0,0,0,0000,04d2
2043,2043,0,0005,0000,0,0,dd,0,0,0,0,0000,04d2
2044,2044,0,0005,0000,0,0,dd,0,0,0,0,0000,04d2
2045,2045,0,0005,0000,0,0,dd,0,0,0,0,0000,04d2
2046,2046,0,0005,0000,0,0,dd,0,0,0,0,0000,04d2
2047,2047,0,0005,0000,0,0,dd,0,0,0,0,0000,04d2
